Event Revenue USD	Device Type
259	iPhone 8
1045	iPhone 7 Plus
928	iPhone 7 Plus
582	iPhone 7 Plus
499	iPad Pro (10.5 inch)
1998	iPhone 8 Plus
762	iPhone 8 Plus
1384	iPhone 8 Plus
1065	iPhone 7
650	iPhone 8 Plus
638	iPad 5
509	iPad Pro (12.9 inch)
2036	iPad 5
1225	iPhone 8 Plus
264	iPhone 8 Plus
799	iPad 5
266	iPhone X
436	iPhone X
436	iPhone X
727	iPhone 6s
499	iPad Air 2
174	iPhone X
259	iPhone 7 Plus
1711	iPad Pro (10.5 inch)
1711	iPad Pro (10.5 inch)
1277	iPhone X
1711	iPad Pro (10.5 inch)
259	iPhone 8 Plus
638	iPhone 7
266	iPhone 7
9433	iPhone X
1711	iPad Pro (10.5 inch)
1711	iPad Pro (10.5 inch)
928	iPad Pro (12.9 inch)
1711	iPad Pro (10.5 inch)
638	iPad 5
650	iPad Air 2
266	iPad Pro (12.9 inch)
199	iPad 5
4038	iPad Mini 4
4038	iPad Mini 4
499	iPad 5
850	iPad Pro (12.9 inch)
928	iPad Pro (12.9 inch)
638	iPad 5
675	iPad Pro (10.5 inch)
1711	iPad Pro (10.5 inch)
174	iPhone 6s Plus
1711	iPad Pro (10.5 inch)
199	iPad 5
638	iPad Pro (9.7 inch)
582	iPhone X
1711	iPad Pro (10.5 inch)
436	iPhone 6s
1225	iPhone 8 Plus
9433	iPhone 8 Plus
1160	iPhone 8
1711	iPad Pro (10.5 inch)
806	iPhone 7 Plus
436	iPhone 8 Plus
499	iPhone 7
727	iPhone 6s
541	iPad Pro (12.9 inch)
638	iPhone 7
266	iPhone 7
928	iPad 5
655	iPad Pro (9.7 inch)
436	iPad Pro (9.7 inch)
3332	iPad Pro (10.5 inch)
638	iPad Air 2
2688	iPhone X
225	iPad Pro (10.5 inch)
531	iPad Pro (10.5 inch)
638	iPhone 7
638	iPad Air 2
499	iPhone 7
499	iPhone 7
1044	iPhone 8 Plus
638	iPad Air 2
582	iPhone X
224	iPhone 8 Plus
2555	iPhone 8 Plus
655	iPhone X
638	iPad Pro (12.9 inch)
577	iPhone X
499	iPhone 7
499	iPad 5
436	iPhone 6s
436	iPad Air 2
499	iPhone 7
1044	iPad Mini 4
638	iPhone 7
259	iPhone 7
638	iPhone 7
266	iPad 5
582	iPad Pro (9.7 inch)
699	iPad Pro (12.9 inch)
638	iPhone 7
531	iPhone 7
499	iPad Pro (12.9 inch)
638	iPhone 7
436	iPhone 8 Plus
638	iPhone 7
928	iPad Air 2
4775	iPhone X
638	iPhone 7
638	iPad Mini 4
2604	iPhone 7
799	iPhone 8 Plus
266	iPhone 7
499	iPhone X
531	iPhone 8
499	iPhone 7 Plus
1953	iPhone 8 Plus
1953	iPhone 8 Plus
1953	iPhone 8 Plus
1953	iPhone 8 Plus
531	iPhone 8
266	iPad Mini 4
499	iPhone 7 Plus
531	iPhone 8
577	iPad Pro (10.5 inch)
499	iPhone 8
1160	iPad Air 2
199	iPhone X
266	iPhone 8
712	iPad 5
638	iPad Mini 4
928	iPhone 8
2555	iPad 5
227	iPhone 7
1863	iPhone X
638	iPad Pro (12.9 inch)
801	iPad Air 2
266	iPad Air 2
2953	iPad Air 2
655	iPhone 8
655	iPhone 8
675	iPhone 7 Plus
1044	iPad Pro (12.9 inch)
436	iPhone 6s
637	iPad Mini 4
436	iPad 5
174	iPhone 6s
582	iPhone X
637	iPad Mini 4
675	iPhone 8 Plus
10840	iPad Air 2
270	iPhone 8 Plus
637	iPad Mini 4
582	iPhone 7
436	iPhone X
655	iPhone X
1426	iPhone X
1426	iPhone X
637	iPad Mini 4
637	iPad Mini 4
801	iPhone 7 Plus
436	iPhone 6s Plus
727	iPad Mini 4
436	iPhone 8 Plus
436	iPad Mini 4
1044	iPhone 7
265	iPhone 7
436	iPhone X
1044	iPad Pro (12.9 inch)
436	iPad Mini 4
436	iPad Mini 4
174	iPad Mini 4
499	iPad 5
927	iPad Pro (10.5 inch)
1998	iPhone 7 Plus
814	iPhone 7
2882	iPad Pro (9.7 inch)
938	iPhone 8 Plus
1973	iPad Pro (10.5 inch)
1973	iPad Pro (10.5 inch)
265	iPhone 7
582	iPhone X
1160	iPad Pro (12.9 inch)
225	iPhone X
174	iPhone 6s
9433	iPhone 8 Plus
1863	iPhone X
582	iPhone 7
199	iPad 5
499	iPad 5
436	iPad Air 2
1215	iPhone X
499	iPhone 7 Plus
582	iPhone 7 Plus
1160	iPad Air 2
4038	iPhone X
499	iPhone 8 Plus
1863	iPhone 7 Plus
577	iPhone 8 Plus
655	iPhone 7 Plus
1426	iPhone 7 Plus
1426	iPhone 7 Plus
1426	iPhone 7 Plus
1041	iPhone 8 Plus
801	iPad Pro (10.5 inch)
436	iPhone 8 Plus
436	iPad Air 2
203	iPad 5
1043	iPhone X
637	iPad Air 2
225	iPhone 7
531	iPhone 7
199	iPhone X
531	iPhone 7
999	iPhone 7
541	iPad 5
577	iPhone 8
577	iPhone 8
577	iPhone 8
174	iPhone 7 Plus
582	iPad Pro (12.9 inch)
1171	iPhone 8 Plus
699	iPad Air 2
436	iPhone X
436	iPad Mini 4
10838	iPad Air 2
436	iPhone X
989	iPhone X
174	iPhone X
541	iPhone 7 Plus
227	iPhone 7
1160	iPad Pro (9.7 inch)
891	iPad Pro (10.5 inch)
927	iPad Air 2
989	iPhone X
499	iPhone 7 Plus
541	iPad Pro (10.5 inch)
531	iPad Pro (10.5 inch)
2882	iPad Pro (10.5 inch)
2999	iPad Air 2
199	iPhone X
199	iPad 5
199	iPad 5
773	iPad Air 2
999	iPad 5
928	iPad Air 2
699	iPhone 7 Plus
436	iPhone 7
199	iPad 5
199	iPad 5
199	iPad 5
199	iPhone 7
531	iPad Pro (10.5 inch)
9999	iPad Air 2
773	iPhone 7 Plus
436	iPhone 6s Plus
727	iPhone 6s Plus
436	iPhone X
436	iPhone X
199	iPad 5
499	iPad 5
541	iPad Pro (12.9 inch)
599	iPad Air 2
637	iPhone X
850	iPhone 7 Plus
436	iPhone 6s Plus
436	iPhone X
436	iPhone X
727	iPhone 6s Plus
216	iPad Pro (10.5 inch)
436	iPhone 6s Plus
873	iPhone 7
436	iPad Air 2
436	iPad Air 2
174	iPhone 7 Plus
199	iPhone 8 Plus
436	iPhone 6s Plus
577	iPhone 8 Plus
655	iPhone 6s Plus
199	iPhone 7 Plus
225	iPhone X
436	iPhone 6s Plus
899	iPhone 7 Plus
599	iPad Air 2
436	iPhone X
599	iPad Air 2
499	iPad Pro (12.9 inch)
199	iPhone 8 Plus
199	iPad 5
436	iPad Air 2
216	iPhone 8 Plus
499	iPhone 8 Plus
999	iPad 5
199	iPad 5
199	iPad 5
10838	iPad Air 2
1160	iPad Pro (12.9 inch)
436	iPad Air 2
436	iPad Air 2
531	iPad Air 2
799	iPhone 8
990	iPad Air 2
1998	iPhone 7 Plus
436	iPhone X
436	iPhone 6s Plus
174	iPhone 6s Plus
174	iPad Mini 4
499	iPhone 8 Plus
1141	iPhone 7
655	iPhone 7 Plus
2322	iPad Air 2
582	iPhone 6s
1426	iPhone 7 Plus
1426	iPhone 7 Plus
10838	iPad Air 2
912	iPhone 7
637	iPhone 8
199	iPhone 7
174	iPhone 6s Plus
436	iPhone 6s Plus
227	iPhone 7
699	iPhone 7
227	iPhone 7
650	iPhone 8
227	iPad Pro (10.5 inch)
174	iPad Air 2
577	iPhone X
806	iPhone 7
227	iPhone 7
499	iPhone 7 Plus
259	iPhone 8 Plus
227	iPad Mini 4
650	iPhone 8
689	iPhone 8 Plus
499	iPhone 8
891	iPad Pro (10.5 inch)
499	iPhone 7 Plus
227	iPad Mini 4
1998	iPhone 8 Plus
562	iPhone 7 Plus
999	iPhone 8 Plus
436	iPhone 6s
1998	iPad 5
910	iPhone 8 Plus
259	iPhone 8 Plus
199	iPad 5
227	iPhone 8
727	iPad Mini 4
499	iPad Air 2
927	iPhone 7 Plus
1972	iPhone 7 Plus
1972	iPhone 7 Plus
2688	iPhone X
3830	iPad 5
577	iPad Pro (12.9 inch)
499	iPad Air 2
436	iPhone 7
1998	iPad 5
199	iPad 5
199	iPad 5
699	iPad Air 2
436	iPhone 8 Plus
637	iPhone 8
531	iPad Pro (10.5 inch)
899	iPad 5
1972	iPad 5
1972	iPad 5
541	iPhone 8 Plus
927	iPad 5
927	iPad 5
499	iPhone 7 Plus
1863	iPhone 7
655	iPhone 7 Plus
873	iPhone 8 Plus
436	iPhone 7 Plus
499	iPhone 7 Plus
989	iPhone 6s
199	iPhone 7 Plus
436	iPad Mini 4
531	iPad Pro (10.5 inch)
999	iPad 5
927	iPad Air 2
582	iPhone 7 Plus
811	iPhone 7
1043	iPhone 7
637	iPhone 7
216	iPad Pro (12.9 inch)
2999	iPhone 7 Plus
436	iPad Air 2
2251	iPad Air 2
9433	iPhone X
806	iPhone 7 Plus
436	iPad Mini 4
174	iPhone 7
174	iPhone 7
806	iPhone 7 Plus
1752	iPhone 7 Plus
1752	iPhone 7 Plus
577	iPad 5
1043	iPad Air 2
270	iPhone X
801	iPhone X
1711	iPhone X
1711	iPhone X
499	iPhone 7
637	iPhone 7
265	iPhone 7
637	iPhone 7
436	iPhone 7 Plus
637	iPad Air 2
2882	iPhone 7 Plus
436	iPhone 7 Plus
562	iPhone 7 Plus
637	iPad Air 2
436	iPhone 6s
637	iPad Air 2
1171	iPhone X
1160	iPad 5
265	iPad Air 2
727	iPhone X
562	iPhone 7 Plus
12771	iPhone 7 Plus
1160	iPad Pro (9.7 inch)
265	iPad Pro (9.7 inch)
265	iPad Pro (9.7 inch)
655	iPhone11,6
2553	iPad 5
562	iPhone 7 Plus
699	iPad 5
1010	iPad Air 2
910	iPhone X
225	iPad Air 2
1953	iPhone X
1953	iPhone X
224	iPhone 7
9433	iPhone X
436	iPad Air 2
1953	iPhone 7
1953	iPhone 7
1160	iPhone 7 Plus
1953	iPhone 7
1953	iPhone 7
227	iPad Mini 4
999	iPad Air 2
1043	iPad Air 2
3830	iPad Mini 4
801	iPhone X
199	iPhone X
1953	iPhone 7
1953	iPhone 7
910	iPhone 7
9433	iPhone X
637	iPad Air 2
582	iPhone X
2604	iPhone 7 Plus
199	iPhone X
509	iPad 5
811	iPad Pro (12.9 inch)
811	iPad Pro (12.9 inch)
509	iPad 5
9433	iPad Pro (10.5 inch)
174	iPhone 7
1863	iPad Pro (12.9 inch)
1953	iPhone 7
1953	iPhone 7
873	iPhone 7 Plus
727	iPhone 7 Plus
265	iPad Air 2
774	iPhone X
577	iPad Pro (12.9 inch)
436	iPhone X
910	iPhone X
1043	iPad Pro (12.9 inch)
1041	iPhone X
1043	iPad Pro (12.9 inch)
509	iPad 5
1160	iPad Air 2
265	iPhone 8 Plus
637	iPad 5
436	iPhone 7
637	iPad Pro (9.7 inch)
637	iPad Air 2
727	iPhone X
989	iPhone 6s Plus
655	iPhone 7 Plus
655	iPhone 7 Plus
1301	iPhone 8 Plus
655	iPhone 7 Plus
814	iPad 5
259	iPhone 7
637	iPad Air 2
509	iPad 5
999	iPhone 8
873	iPhone 7 Plus
216	iPhone 7 Plus
3830	iPhone 7 Plus
509	iPad 5
1863	iPhone 7 Plus
509	iPad 5
531	iPhone 7 Plus
510	iPhone 7 Plus
203	iPad 5
637	iPad Air 2
806	iPad Pro (12.9 inch)
199	iPad Air 2
1276	iPad Air 2
1276	iPad Air 2
499	iPad Air 2
637	iPad Air 2
436	iPhone 7 Plus
1043	iPhone X
224	iPhone 7
1080	iPhone X
436	iPhone 7 Plus
873	iPhone 6s Plus
582	iPhone X
811	iPhone 7
1160	iPhone 7
927	iPhone 7
6385	iPhone 7
637	iPhone 7
811	iPad Pro (9.7 inch)
216	iPad 5
436	iPhone 7
773	iPad Air 2
928	iPad Air 2
927	iPad Pro (9.7 inch)
2553	iPad Pro (10.5 inch)
499	iPad Pro (12.9 inch)
259	iPhone 7
1276	iPad Pro (9.7 inch)
1276	iPad Pro (9.7 inch)
10838	iPad Air 2
3332	iPhone 8 Plus
436	iPad Mini 4
227	iPad 5
436	iPhone 7 Plus
793	iPad 5
793	iPad 5
577	iPad 5
436	iPad Mini 4
637	iPad Air 2
990	iPhone X
436	iPhone 7 Plus
990	iPhone X
265	iPhone 7
801	iPhone X
10719	iPhone X
436	iPhone X
499	iPhone 8 Plus
801	iPhone 7 Plus
1082	iPhone 7 Plus
1863	iPhone 7
582	iPhone 7
216	iPhone 8 Plus
727	iPhone 8 Plus
1863	iPhone X
436	iPhone X
436	iPhone X
436	iPhone X
174	iPhone X
199	iPad Air 2
582	iPhone X
655	iPhone X
1426	iPhone X
199	iPad 5
1426	iPhone X
727	iPhone 7 Plus
436	iPhone 8 Plus
655	iPhone 7 Plus
199	iPhone 7
3332	iPhone 7 Plus
436	iPhone 8 Plus
727	iPhone 7 Plus
436	iPhone 8 Plus
582	iPhone 7 Plus
1426	iPhone 7 Plus
1426	iPhone 7 Plus
675	iPad Air 2
1080	iPad Air 2
999	iPhone 7
699	iPad 5
577	iPhone 7
699	iPad 5
436	iPhone 8 Plus
699	iPad 5
2999	iPad Air 2
577	iPhone X
1998	iPad 5
1998	iPad 5
894	iPad Pro (10.5 inch)
199	iPad 5
686	iPad Pro (10.5 inch)
727	iPad Pro (10.5 inch)
989	iPhone X
655	iPhone 7 Plus
873	iPhone 6s Plus
582	iPad Pro (10.5 inch)
499	iPhone 7 Plus
199	iPhone 7 Plus
436	iPhone 7 Plus
1863	iPhone 7
582	iPhone 7
12771	iPhone 7 Plus
727	iPhone 7
1043	iPad Air 2
655	iPhone 6s
727	iPad Pro (10.5 inch)
264	iPad Pro (12.9 inch)
227	iPhone 7
1499	iPad 5
927	iPhone 8
1499	iPad 5
4775	iPhone 6s
1998	iPad 5
199	iPad 5
436	iPhone X
227	iPhone 7
436	iPhone 7 Plus
436	iPad Mini 4
436	iPad Pro (10.5 inch)
227	iPhone 7
989	iPhone 7 Plus
899	iPad 5
989	iPhone 7 Plus
899	iPad 5
582	iPhone 7
655	iPhone 7 Plus
989	iPad Pro (10.5 inch)
1426	iPhone 6s
1426	iPhone 6s
227	iPad Pro (10.5 inch)
499	iPad 5
799	iPhone 8 Plus
499	iPad 5
577	iPad 5
577	iPhone 7
531	iPhone 7
2553	iPad 5
637	iPhone 7
1065	iPhone 7
814	iPad Air 2
637	iPhone 7
1499	iPhone X
1499	iPhone X
637	iPhone 7
509	iPad Pro (9.7 inch)
509	iPad Air 2
203	iPad Air 2
577	iPad Pro (10.5 inch)
509	iPad Pro (9.7 inch)
227	iPhone X
1426	iPhone 7
1275	iPhone 8 Plus
773	iPad Air 2
1426	iPhone 7
655	iPhone 8 Plus
509	iPad Pro (9.7 inch)
1499	iPad 5
2553	iPad Pro (9.7 inch)
637	iPad 5
1275	iPad Pro (10.5 inch)
578	iPhone X
1143	iPhone X
1275	iPad 5
509	iPad Pro (9.7 inch)
203	iPad Pro (9.7 inch)
227	iPhone X
10824	iPad Air 2
270	iPhone 7
727	iPhone 7 Plus
637	iPad Air 2
2552	iPhone 8 Plus
436	iPhone 7 Plus
196	iPhone 8 Plus
196	iPhone 8 Plus
174	iPhone 7 Plus
10825	iPad Air 2
174	iPhone X
650	iPhone X
436	iPhone 7 Plus
531	iPhone 7
436	iPhone 7 Plus
989	iPhone 6s
579	iPad Mini 4
798	iPhone X
1021	iPad Air 2
265	iPad 5
956	iPhone 8 Plus
1044	iPad 5
1426	iPhone 7 Plus
1426	iPhone 7 Plus
927	iPad Pro (12.9 inch)
637	iPad 5
259	iPhone 7
227	iPad Mini 4
637	iPad Air 2
637	iPhone 7 Plus
799	iPad Air 2
637	iPad Air 2
1863	iPad Pro (9.7 inch)
9433	iPad Mini 4
700	iPad Pro (12.9 inch)
578	iPhone X
9433	iPad Mini 4
701	iPad Pro (12.9 inch)
700	iPad Pro (12.9 inch)
928	iPad 5
499	iPad Air 2
2882	iPad Pro (9.7 inch)
499	iPad Air 2
264	iPad Pro (12.9 inch)
264	iPad Pro (12.9 inch)
436	iPhone 7 Plus
436	iPhone 7 Plus
727	iPad Pro (10.5 inch)
563	iPhone 8 Plus
436	iPhone X
266	iPad 5
637	iPad Air 2
727	iPad Air 2
873	iPhone X
436	iPad Air 2
999	iPhone 8 Plus
1863	iPhone X
638	iPhone X
9433	iPhone 8 Plus
655	iPhone 7 Plus
9429	iPhone X
436	iPhone 7 Plus
436	iPad Air 2
811	iPad Pro (12.9 inch)
1863	iPhone 7 Plus
499	iPhone 8 Plus
227	iPhone X
266	iPad 5
266	iPad 5
499	iPhone 8 Plus
637	iPad Air 2
636	iPhone X
436	iPhone 7 Plus
436	iPad Air 2
174	iPad Air 2
265	iPhone X
226	iPad 5
436	iPhone 7 Plus
636	iPad Air 2
675	iPhone 8 Plus
582	iPhone 7 Plus
1425	iPhone 7 Plus
1426	iPhone 7 Plus
1160	iPad Air 2
265	iPad Air 2
2549	iPad Air 2
1042	iPad Air 2
436	iPad Pro (10.5 inch)
259	iPhone 8 Plus
872	iPhone 7 Plus
174	iPad Pro (10.5 inch)
436	iPad Pro (10.5 inch)
2999	iPhone X
581	iPhone 8 Plus
226	iPad Pro (12.9 inch)
654	iPad Pro (10.5 inch)
1860	iPad Pro (10.5 inch)
809	iPad Pro (10.5 inch)
636	iPad Air 2
925	iPad Air 2
801	iPhone 8
636	iPad Air 2
226	iPad Air 2
654	iPad Air 2
1156	iPad Air 2
925	iPad Air 2
1860	iPhone 8 Plus
1077	iPad Air 2
436	iPhone 7
635	iPad Air 2
653	iPhone 7 Plus
654	iPhone 7 Plus
226	iPhone 7
1076	iPad Air 2
809	iPad Pro (9.7 inch)
10757	iPad Air 2
435	iPad Air 2
225	iPhone 7
1272	iPad Pro (9.7 inch)
844	iPad Pro (9.7 inch)
726	iPad Pro (9.7 inch)
1303	iPhone 7 Plus
990	iPad Air 2
635	iPad Pro (9.7 inch)
801	iPad Air 2
2250	iPhone 7
987	iPad Mini 4
1009	iPad Air 2
651	iPhone 7
1080	iPad Air 2
9414	iPad Mini 4
9414	iPad Mini 4
9414	iPad Mini 4
9414	iPad Mini 4
9414	iPad Mini 4
990	iPhone X
726	iPad Pro (10.5 inch)
999	iPhone 7 Plus
435	iPad Air 2
435	iPad Air 2
435	iPhone SE
435	iPhone 6s Plus
531	iPhone 8
577	iPhone X
577	iPhone 7
174	iPhone 6s Plus
726	iPad Mini 4
651	iPhone 7
435	iPhone X
2876	iPhone 8 Plus
227	iPad Pro (12.9 inch)
653	iPhone 7 Plus
637	iPad Air 2
811	iPad Air 2
435	iPhone 7
2255	iPhone X
227	iPad Pro (12.9 inch)
928	iPad 5
637	iPad 5
266	iPad Air 2
987	iPhone X
913	iPhone X
1859	iPhone X
637	iPhone 7
637	iPhone X
652	iPhone X
227	iPad Air 2
10755	iPad Air 2
10746	iPad Air 2
174	iPhone 7 Plus
783	iPhone X
1961	iPhone X
1959	iPhone X
930	iPhone 7 Plus
435	iPhone 6s Plus
174	iPhone 7 Plus
843	iPhone X
536	iPhone X
435	iPad Mini 4
639	iPad 5
1307	iPhone 7
639	iPad 5
266	iPad 5
435	iPhone X
581	iPhone X
1423	iPhone X
1423	iPhone X
1423	iPhone X
1423	iPhone X
2876	iPhone X
536	iPhone X
435	iPhone X
536	iPhone X
930	iPad Air 2
639	iPad Air 2
536	iPhone X
652	iPhone X
813	iPad Air 2
435	iPhone X
2876	iPhone X
987	iPhone 6s
1074	iPad Air 2
435	iPhone 8
499	iPhone 7
2999	iPhone 7 Plus
1858	iPhone X
987	iPhone 6s Plus
1858	iPad Pro (10.5 inch)
499	iPad Air 2
435	iPad Pro (9.7 inch)
987	iPhone 7
1499	iPad 5
225	iPhone 8 Plus
999	iPad 5
199	iPad 5
651	iPad Air 2
174	iPhone 7 Plus
435	iPhone 7 Plus
499	iPad 5
199	iPad 5
1074	iPad Air 2
499	iPhone 8 Plus
2148	iPhone 6
10749	iPad Air 2
499	iPhone 8 Plus
1047	iPad Mini 4
499	iPad 5
725	iPhone 7 Plus
580	iPhone X
499	iPad 5
435	iPhone 7 Plus
580	iPad Air 2
199	iPhone X
199	iPad 5
3840	iPhone 7 Plus
499	iPhone 7
639	iPhone 8 Plus
499	iPhone 7
499	iPhone 7
499	iPhone 7 Plus
530	iPad Pro (10.5 inch)
214	iPad Pro (12.9 inch)
214	iPad Pro (12.9 inch)
1857	iPhone X
1279	iPhone 7 Plus
530	iPad Pro (10.5 inch)
499	iPhone 7 Plus
2873	iPhone X
529	iPhone X
577	iPad Pro (12.9 inch)
269	iPad Pro (12.9 inch)
435	iPad Mini 4
199	iPhone 7 Plus
435	iPhone X
653	iPhone X
174	iPhone X
435	iPhone X
499	iPhone 7 Plus
435	iPhone X
435	iPhone 8 Plus
599	iPhone 7 Plus
499	iPhone X
435	iPhone 7
2873	iPhone 7 Plus
499	iPhone X
3321	iPhone X
499	iPhone X
499	iPad Air 2
929	iPad Pro (12.9 inch)
986	iPhone 7 Plus
174	iPhone 7 Plus
174	iPhone 7 Plus
725	iPhone SE
227	iPad Mini 4
930	iPad Pro (12.9 inch)
1046	iPad Air 2
266	iPad Pro (10.5 inch)
575	iPhone X
652	iPhone X
639	iPad Air 2
12807	iPad Pro (12.9 inch)
260	iPhone 7 Plus
266	iPad Air 2
914	iPhone 8 Plus
435	iPhone X
653	iPhone 8 Plus
1047	iPad Pro (12.9 inch)
260	iPhone 8 Plus
260	iPhone 7
260	iPhone 7
579	iPad 5
214	iPad Pro (9.7 inch)
245	iPad 5
227	iPhone X
3508	iPhone 7
599	iPhone 8 Plus
529	iPhone X
1145	iPhone X
499	iPhone X
725	iPad Mini 4
435	iPhone 7 Plus
528	iPhone X
435	iPad Air 2
2999	iPhone 8 Plus
2999	iPhone 8 Plus
786	iPad Mini 4
799	iPhone 7 Plus
999	iPhone 7 Plus
10748	iPad Air 2
491	iPad Mini 4
932	iPad Pro (12.9 inch)
870	iPhone 7
267	iPad Pro (12.9 inch)
199	iPhone X
196	iPad Mini 4
933	iPad Pro (12.9 inch)
491	iPad Mini 4
653	iPad Mini 4
1049	iPhone 7 Plus
2147	iPad Mini 4
2147	iPad Mini 4
1283	iPad Pro (10.5 inch)
986	iPad Mini 4
870	iPhone 7 Plus
9404	iPad Mini 4
9404	iPad Mini 4
9404	iPad Mini 4
9404	iPad Mini 4
9404	iPad Mini 4
653	iPhone 7 Plus
986	iPad Mini 4
2149	iPhone 8 Plus
986	iPad Mini 4
199	iPhone 7 Plus
1165	iPad Pro (9.7 inch)
730	iPhone 7 Plus
174	iPhone 6s Plus
640	iPad Air 2
653	iPhone 7
999	iPhone 8
1049	iPad Pro (12.9 inch)
580	iPhone 8 Plus
215	iPad 5
576	iPad Pro (10.5 inch)
932	iPad Pro (9.7 inch)
2873	iPhone 6s Plus
815	iPad Pro (12.9 inch)
1282	iPad Pro (9.7 inch)
1282	iPad Pro (9.7 inch)
871	iPhone 8
435	iPad Mini 4
1283	iPad Pro (12.9 inch)
1285	iPad Pro (9.7 inch)
435	iPad Mini 4
215	iPad 5
174	iPad Mini 4
1047	iPhone X
1858	iPhone X
653	iPhone 7
435	iPhone 6s Plus
213	iPhone 8 Plus
174	iPad Mini 4
653	iPad Pro (10.5 inch)
435	iPhone 6s
698	iPad Pro (12.9 inch)
1750	iPad Pro (12.9 inch)
721	iPhone 7 Plus
1750	iPad Pro (12.9 inch)
174	iPhone 7 Plus
435	iPhone 8
9403	iPhone X
580	iPhone X
435	iPhone 7
435	iPhone 7
1311	iPad Pro (12.9 inch)
804	iPad Pro (12.9 inch)
640	iPad Air 2
804	iPad Pro (12.9 inch)
1748	iPad Pro (12.9 inch)
1748	iPad Pro (12.9 inch)
224	iPhone 7 Plus
199	iPhone X
576	iPad Pro (12.9 inch)
174	iPhone 6s
436	iPhone X
9407	iPhone X
2150	iPhone 7
677	iPhone X
530	iPhone 7
764	iPad Air 2
481	iPhone 7
514	iPad Pro (12.9 inch)
174	iPhone X
576	iPad Pro (12.9 inch)
1749	iPad Pro (12.9 inch)
1749	iPad Pro (12.9 inch)
899	iPhone 7
999	iPhone 7
699	iPhone 7
999	iPhone 7
174	iPhone 7 Plus
268	iPad Pro (10.5 inch)
1860	iPhone 7 Plus
872	iPhone X
199	iPhone 7
654	iPhone X
988	iPhone 7 Plus
499	iPhone 8 Plus
174	iPhone X
654	iPhone 7 Plus
654	iPhone 8
261	iPhone 7 Plus
261	iPhone 7 Plus
1180	iPhone 7 Plus
1859	iPad Air 2
697	iPhone X
726	iPhone X
643	iPad 5
581	iPad Mini 4
226	iPhone 7
871	iPad Air 2
653	iPhone 6s
653	iPhone 6s
581	iPhone 8 Plus
1340	iPhone X
1859	iPhone X
653	iPhone 6s
642	iPhone X
987	iPhone 8 Plus
726	iPad Pro (10.5 inch)
435	iPhone 6s
1310	iPad Pro (9.7 inch)
910	iPhone 7
270	iPhone X
270	iPhone X
268	iPhone 7
936	iPad Air 2
9417	iPad Mini 4
9417	iPad Mini 4
9414	iPad Mini 4
9417	iPad Mini 4
3803	iPhone X
3803	iPhone X
581	iPad Mini 4
726	iPad Mini 4
581	iPad Mini 4
435	iPhone 8
1746	iPad Pro (12.9 inch)
1746	iPad Pro (12.9 inch)
803	iPad Pro (12.9 inch)
1746	iPad Pro (12.9 inch)
1747	iPad Pro (12.9 inch)
581	iPad Mini 4
653	iPad Mini 4
1746	iPad Pro (12.9 inch)
1746	iPad Pro (12.9 inch)
653	iPad Mini 4
9417	iPad Mini 4
9419	iPad Mini 4
872	iPad Mini 4
575	iPhone X
226	iPhone X
226	iPhone X
174	iPhone 7 Plus
989	iPhone X
654	iPhone X
226	iPhone X
499	iPhone 7 Plus
226	iPhone X
226	iPhone X
499	iPhone 8 Plus
174	iPhone 8 Plus
802	iPhone 7
872	iPhone X
989	iPhone X
436	iPhone X
436	iPhone X
436	iPhone X
174	iPhone X
574	iPhone 7
565	iPhone 7
436	iPhone X
1168	iPad Pro (12.9 inch)
989	iPhone 7
499	iPhone X
436	iPad Air 2
1137	iPhone 7
1136	iPhone 7
918	iPad Air 2
1049	iPhone X
802	iPhone 7
727	iPhone 7 Plus
842	iPad Air 2
575	iPhone 7
436	iPhone 7 Plus
943	iPad 5
436	iPhone 7 Plus
536	iPad Air 2
1426	iPad Air 2
10736	iPad Air 2
1426	iPad Air 2
499	iPad Air 2
199	iPhone 8
990	iPhone 7
798	iPad 5
1291	iPad Pro (12.9 inch)
2252	iPad 5
269	iPad 5
873	iPhone 7 Plus
599	iPad 5
499	iPhone 8 Plus
9427	iPhone X
459	iPhone X
459	iPhone X
182	iPhone X
436	iPad Pro (10.5 inch)
989	iPad Pro (10.5 inch)
535	iPhone 7 Plus
650	iPad Air 2
650	iPad Air 2
765	iPad Air 2
199	iPhone 7
581	iPad Air 2
581	iPad Air 2
174	iPhone 7
499	iPhone 7
436	iPhone 7
799	iPhone 7 Plus
199	iPad 5
988	iPhone X
799	iPhone 8 Plus
499	iPad Air 2
499	iPhone 7 Plus
654	iPhone X
2878	iPhone 7 Plus
2878	iPhone 7 Plus
436	iPad Pro (10.5 inch)
726	iPhone 7
9420	iPhone 7
436	iPad Pro (10.5 inch)
174	iPad Pro (10.5 inch)
988	iPhone X
654	iPad Air 2
727	iPad Air 2
199	iPad 5
580	iPhone 7 Plus
199	iPhone 7 Plus
436	iPhone 6s Plus
581	iPhone 8 Plus
436	iPhone 6s Plus
988	iPhone X
581	iPhone 7 Plus
872	iPhone 7 Plus
436	iPhone X
727	iPhone 7 Plus
2999	iPad 5
199	iPad 5
581	iPhone X
726	iPhone X
436	iPhone X
644	iPad Pro (12.9 inch)
726	iPhone X
1316	iPhone 7 Plus
499	iPhone X
644	iPad Air 2
644	iPhone 7
227	iPhone 7
10751	iPad Air 2
1290	iPad Pro (9.7 inch)
268	iPhone 8 Plus
657	iPhone 7 Plus
199	iPhone X
199	iPhone X
226	iPad 5
226	iPad Air 2
1056	iPad 5
645	iPhone 7
645	iPad Pro (9.7 inch)
1137	iPhone X
269	iPad Pro (9.7 inch)
575	iPhone X
845	iPad Air 2
652	iPad Air 2
499	iPhone X
10760	iPad Air 2
226	iPad 5
575	iPad Pro (12.9 inch)
226	iPhone X
226	iPhone X
436	iPhone X
436	iPhone X
435	iPad Mini 4
9409	iPad Mini 4
499	iPad Air 2
225	iPhone 7 Plus
9418	iPad Mini 4
1860	iPhone X
247	iPad 5
225	iPhone X
1060	iPad 5
580	iPhone X
499	iPhone X
9419	iPad Mini 4
225	iPad Pro (12.9 inch)
654	iPhone X
225	iPhone X
799	iPhone 8 Plus
199	iPad Air 2
579	iPhone 8 Plus
1858	iPhone 8 Plus
499	iPhone 7 Plus
821	iPad Pro (12.9 inch)
988	iPhone X
988	iPhone X
1860	iPhone X
436	iPhone 6s
3474	iPad Pro (12.9 inch)
436	iPhone 7
654	iPhone X
821	iPad Pro (12.9 inch)
654	iPad Mini 4
988	iPad Mini 4
269	iPad Air 2
1173	iPhone X
581	iPad Pro (10.5 inch)
418	iPhone 7
999	iPad 5
9421	iPad Mini 4
9421	iPad Mini 4
654	iPad Mini 4
436	iPhone 7
654	iPhone 7 Plus
1424	iPad Mini 4
1424	iPad Mini 4
1173	iPhone 8
726	iPad Pro (10.5 inch)
436	iPhone 6s Plus
436	iPhone 6s Plus
499	iPad Air 2
798	iPad Air 2
644	iPad Air 2
262	iPhone X
268	iPhone 7
920	iPhone 7 Plus
726	iPhone 7 Plus
436	iPhone 7 Plus
9421	iPhone X
436	iPhone 7 Plus
436	iPhone 7 Plus
436	iPhone 7 Plus
887	iPad Air 2
436	iPhone X
797	iPad Air 2
436	iPhone 7 Plus
529	iPad Air 2
1172	iPad Pro (9.7 inch)
644	iPad Pro (9.7 inch)
3318	iPad Air 2
539	iPhone 8 Plus
872	iPad Pro (10.5 inch)
199	iPhone 7
268	iPad Pro (9.7 inch)
574	iPhone 7
937	iPad Air 2
1289	iPad Pro (9.7 inch)
216	iPhone X
174	iPhone 7 Plus
436	iPhone X
436	iPhone 7 Plus
216	iPhone X
268	iPad Air 2
436	iPhone X
436	iPad Air 2
655	iPad Air 2
436	iPhone 7 Plus
436	iPhone X
528	iPhone X
436	iPhone X
872	iPad Mini 4
436	iPhone X
436	iPhone X
528	iPhone X
529	iPhone 7
1055	iPad 5
528	iPad Air 2
820	iPad Pro (10.5 inch)
529	iPad Air 2
654	iPad Air 2
1050	iPhone 8 Plus
1425	iPhone 8 Plus
1425	iPhone 8 Plus
268	iPhone X
3874	iPhone 8
1425	iPhone 8 Plus
9427	iPhone X
1425	iPhone 8 Plus
1425	iPhone 8 Plus
224	iPad Air 2
1425	iPhone 8 Plus
1314	iPhone 7 Plus
1425	iPhone 8 Plus
1289	iPad Pro (10.5 inch)
1425	iPhone 8 Plus
9427	iPhone X
436	iPhone 8 Plus
1425	iPhone 8 Plus
1425	iPhone 8 Plus
1425	iPhone 8 Plus
654	iPad Mini 4
174	iPhone X
10803	iPad Air 2
9427	iPad Mini 4
1704	iPhone 7 Plus
1704	iPhone 7 Plus
727	iPhone X
1704	iPhone 7 Plus
1704	iPhone 7 Plus
1704	iPhone 7 Plus
224	iPhone 7
9427	iPhone 8 Plus
938	iPhone 8
645	iPad Air 2
989	iPhone 7 Plus
3876	iPhone 7
3876	iPhone 7
436	iPhone X
499	iPhone X
174	iPhone 7 Plus
1862	iPhone 8 Plus
199	iPhone X
654	iPad Air 2
436	iPhone X
174	iPhone 6s
872	iPhone X
174	iPhone 7
1862	iPhone X
848	iPad Air 2
3478	iPhone 7 Plus
436	iPhone X
436	iPhone X
655	iPad Air 2
499	iPhone X
528	iPhone 8 Plus
1058	iPhone 7
1015	iPad 5
1973	iPhone 8 Plus
499	iPhone X
1973	iPhone 8 Plus
499	iPhone X
174	iPhone X
199	iPhone X
920	iPhone 7 Plus
199	iPhone 8 Plus
1293	iPhone 7
646	iPad Pro (12.9 inch)
654	iPhone 7
654	iPhone 7 Plus
1862	iPhone 6s Plus
527	iPhone 8 Plus
655	iPad Air 2
1998	iPad Pro (12.9 inch)
2999	iPad Pro (12.9 inch)
989	iPhone X
10806	iPad Air 2
174	iPhone X
436	iPad Pro (9.7 inch)
645	iPad Air 2
436	iPhone 6s
657	iPhone X
436	iPhone 6s Plus
1079	iPad Air 2
518	iPhone 8
207	iPhone 8
199	iPad Pro (9.7 inch)
1079	iPad Air 2
436	iPhone X
499	iPhone 7 Plus
269	iPad Air 2
886	iPad Air 2
654	iPad Air 2
654	iPhone 7
436	iPhone 7 Plus
199	iPad Air 2
436	iPhone 7
727	iPhone 7 Plus
174	iPhone 6s Plus
939	iPad Pro (9.7 inch)
174	iPad Air 2
174	iPhone 7 Plus
436	iPhone X
436	iPhone X
436	iPhone X
2881	iPhone 7 Plus
1057	iPad Pro (12.9 inch)
989	iPhone 7
519	iPad Pro (9.7 inch)
436	iPhone 7 Plus
174	iPad Pro (10.5 inch)
174	iPad Pro (10.5 inch)
436	iPad Pro (10.5 inch)
771	iPad Air 2
771	iPad Air 2
436	iPhone 8 Plus
1701	iPhone 7 Plus
174	iPhone 7 Plus
1700	iPhone 7 Plus
2256	iPhone 7 Plus
725	iPhone X
582	iPad Pro (12.9 inch)
436	iPhone 8 Plus
174	iPhone 7 Plus
699	iPhone 7 Plus
499	iPad Pro (9.7 inch)
174	iPhone 8 Plus
436	iPhone 7 Plus
671	iPhone 7 Plus
499	iPhone X
499	iPhone 7 Plus
436	iPhone 7
436	iPad Pro (10.5 inch)
575	iPhone 7
989	iPhone X
436	iPhone 7
2072	iPhone X
770	iPhone X
582	iPhone X
517	iPhone X
226	iPad Pro (12.9 inch)
582	iPhone 6s
499	iPad Pro (9.7 inch)
655	iPhone 7
3881	iPhone 7 Plus
199	iPad Pro (9.7 inch)
174	iPhone X
576	iPad Air 2
899	iPhone 7 Plus
436	iPhone X
582	iPhone 7 Plus
414	iPhone 7
655	iPad Air 2
499	iPhone 7 Plus
1184	iPhone 8 Plus
655	iPhone 7 Plus
436	iPhone 7 Plus
990	iPhone 7 Plus
657	iPad Pro (12.9 inch)
216	iPad 5
921	iPhone 8 Plus
645	iPad Air 2
1427	iPad Mini 4
1427	iPad Mini 4
1427	iPad Mini 4
1427	iPad Mini 4
1427	iPad Mini 4
1427	iPad Mini 4
1427	iPad Mini 4
1427	iPad Mini 4
13182	iPhone 8 Plus
1427	iPad Mini 4
1427	iPad Mini 4
1175	iPad Pro (9.7 inch)
2883	iPad Mini 4
499	iPhone 8 Plus
499	iPhone 8 Plus
575	iPad Pro (12.9 inch)
226	iPad Pro (12.9 inch)
658	iPad Pro (9.7 inch)
199	iPhone 7 Plus
199	iPhone 7 Plus
999	iPhone 7 Plus
12941	iPad Pro (9.7 inch)
269	iPhone 7 Plus
646	iPad Pro (12.9 inch)
921	iPhone 8 Plus
575	iPad Air 2
518	iPad Pro (12.9 inch)
575	iPad Air 2
582	iPad Mini 4
582	iPad Mini 4
2999	iPad 5
655	iPad Mini 4
9436	iPad Mini 4
655	iPad Mini 4
436	iPad Mini 4
2586	iPhone 7 Plus
518	iPad Pro (12.9 inch)
645	iPad Pro (9.7 inch)
575	iPad Air 2
436	iPad Mini 4
655	iPad Mini 4
655	iPad Mini 4
436	iPad Mini 4
645	iPad Pro (9.7 inch)
499	iPhone 7 Plus
499	iPad 5
436	iPhone 7 Plus
226	iPad Air 2
499	iPhone 7 Plus
199	iPhone 8 Plus
261	iPhone 8 Plus
499	iPhone 7 Plus
199	iPad Air 2
226	iPhone 8 Plus
499	iPhone 7 Plus
174	iPad Air 2
646	iPad Air 2
436	iPad Air 2
771	iPad Air 2
269	iPad Air 2
12945	iPad Pro (12.9 inch)
1621	iPad Air 2
655	iPhone 6s
1621	iPad Air 2
1621	iPad Air 2
1622	iPad Air 2
1058	iPad Pro (9.7 inch)
1293	iPad Pro (9.7 inch)
582	iPhone 6s
436	iPhone 6s
436	iPhone X
999	iPhone 7 Plus
940	iPhone X
1293	iPad Pro (9.7 inch)
269	iPhone X
582	iPad Pro (10.5 inch)
646	iPhone 7 Plus
1863	iPhone 6s
436	iPhone 7
728	iPhone 6s
174	iPhone 7
990	iPhone 8 Plus
1863	iPhone X
582	iPhone 7 Plus
191	iPad Mini 4
167	iPhone 7
2591	iPhone X
9435	iPhone X
11608	iPhone 7 Plus
216	iPad 5
499	iPhone X
269	iPhone X
436	iPad Mini 4
1059	iPad Pro (12.9 inch)
436	iPhone 7 Plus
942	iPhone 7 Plus
727	iPhone X
527	iPhone 7 Plus
582	iPhone X
436	iPhone X
2153	iPhone X
436	iPhone X
436	iPhone X
226	iPad Mini 4
989	iPhone X
576	iPhone 8
436	iPhone 8 Plus
795	iPad Air 2
207	iPhone 8
646	iPad Air 2
9429	iPhone 8 Plus
646	iPad Pro (9.7 inch)
517	iPad Pro (12.9 inch)
646	iPad 5
216	iPad 5
922	iPhone X
1341	iPhone X
977	iPad Pro (12.9 inch)
207	iPad Pro (12.9 inch)
941	iPad Pro (9.7 inch)
1176	iPhone X
1045	iPhone X
1341	iPhone X
872	iPad Air 2
9426	iPhone X
269	iPhone 7 Plus
527	iPad Air 2
269	iPad Air 2
1087	iPhone 7 Plus
9425	iPhone X
436	iPhone 7
436	iPhone 7
1341	iPhone X
1341	iPhone X
436	iPhone 7 Plus
261	iPhone 7
646	iPhone 7
436	iPhone X
174	iPhone 7
872	iPhone X
216	iPad 5
216	iPad 5
872	iPhone X
925	iPad Air 2
654	iPhone X
576	iPad Mini 4
999	iPad Air 2
999	iPad Air 2
911	iPad 5
223	iPad Air 2
436	iPad Air 2
885	iPhone 7
9423	iPhone 8
174	iPhone 7 Plus
699	iPad 5
199	iPhone 8
999	iPhone 7 Plus
581	iPhone X
9425	iPhone X
940	iPad Pro (12.9 inch)
527	iPhone 7
527	iPhone 7
645	iPad Pro (12.9 inch)
645	iPad Pro (12.9 inch)
654	iPhone 6s Plus
223	iPhone 7
988	iPhone 8 Plus
645	iPhone 7
581	iPhone X
922	iPhone 8 Plus
436	iPhone X
578	iPhone 8
576	iPad 5
436	iPad7,5
2879	iPhone X
436	iPhone 7 Plus
225	iPhone 7 Plus
770	iPad Air 2
654	iPad Air 2
1425	iPad Air 2
1427	iPad Air 2
1861	iPhone 7
645	iPhone 7
436	iPhone X
436	iPad Air 2
436	iPhone X
908	iPhone 7 Plus
645	iPad Pro (12.9 inch)
499	iPhone 8 Plus
199	iPad 5
655	iPhone 8 Plus
1865	iPhone 7 Plus
728	iPad Air 2
437	iPad Air 2
645	iPad Pro (12.9 inch)
645	iPad Pro (12.9 inch)
645	iPad Air 2
939	iPhone 8
771	iPad Air 2
499	iPhone 7
3485	iPhone X
2233	iPhone 7 Plus
499	iPhone X
1013	iPad Air 2
1864	iPhone 7
437	iPhone 7 Plus
644	iPhone 7
675	iPhone X
655	iPad Air 2
499	iPhone 8 Plus
1619	iPad Air 2
1619	iPad Air 2
1619	iPad Air 2
1619	iPad Air 2
1619	iPad Air 2
1619	iPad Air 2
654	iPad Air 2
215	iPad Air 2
3085	iPad Air 2
654	iPad Air 2
1619	iPad Air 2
582	iPhone 7 Plus
1619	iPad Air 2
883	iPad Air 2
499	iPad Air 2
582	iPhone 7
526	iPad Air 2
526	iPad Air 2
644	iPad Pro (12.9 inch)
644	iPad Pro (12.9 inch)
527	iPad Air 2
199	iPhone 7 Plus
268	iPad Pro (12.9 inch)
174	iPhone 7 Plus
770	iPad Air 2
527	iPad Air 2
1085	iPhone 7 Plus
527	iPad Air 2
2884	iPhone 7 Plus
874	iPhone 7 Plus
2156	iPhone 8 Plus
223	iPad Air 2
653	iPad Mini 4
990	iPhone X
3305	iPhone X
199	iPhone 8 Plus
499	iPhone 8 Plus
2999	iPhone 8 Plus
268	iPhone 8
199	iPhone 8 Plus
437	iPhone 7
437	iPhone 8 Plus
499	iPad Air 2
437	iPhone 8 Plus
9441	iPhone X
437	iPhone 7 Plus
174	iPad Air 2
848	iPad Air 2
539	iPad Air 2
583	iPhone 7
925	iPad Air 2
10808	iPad Air 2
1866	iPhone 7 Plus
729	iPhone 6s
199	iPhone X
797	iPad Air 2
437	iPhone X
539	iPad Air 2
579	iPad Air 2
539	iPad Air 2
656	iPad Air 2
771	iPad Air 2
848	iPad Air 2
848	iPad Air 2
925	iPad Air 2
539	iPad Air 2
655	iPad Air 2
925	iPad Air 2
539	iPad Air 2
539	iPad Air 2
437	iPad Air 2
771	iPad Air 2
437	iPad Air 2
771	iPad Air 2
656	iPhone 7
656	iPhone 6s
10810	iPad Air 2
9449	iPhone 7
645	iPhone 7 Plus
226	iPhone 8
729	iPhone 6s
938	iPad Pro (12.9 inch)
583	iPad Air 2
199	iPhone 8
991	iPhone X
645	iPhone 7
269	iPad Air 2
539	iPad Air 2
991	iPhone X
654	iPhone X
199	iPhone X
1048	iPhone 7 Plus
261	iPhone 7 Plus
199	iPad Pro (9.7 inch)
3875	iPad Air 2
771	iPhone X
909	iPad 5
916	iPhone 7 Plus
269	iPhone 7
268	iPhone 7
654	iPhone 7
645	iPad Air 2
645	iPad Pro (9.7 inch)
226	iPad 5
3801	iPhone 7
645	iPad Air 2
174	iPad Air 2
939	iPad Air 2
1291	iPad Air 2
644	iPad 5
174	iPhone 7 Plus
269	iPhone 8
226	iPhone 7 Plus
226	iPad 5
199	iPhone 7
575	iPhone 8 Plus
654	iPhone 7 Plus
1174	iPad Pro (10.5 inch)
645	iPhone 7 Plus
654	iPhone 7 Plus
654	iPhone 7 Plus
1048	iPhone 7
261	iPhone 7 Plus
270	iPhone X
582	iPad Pro (10.5 inch)
645	iPhone 7 Plus
437	iPhone 7
499	iPad Air 2
436	iPad Mini 4
988	iPhone X
436	iPhone 7
174	iPhone 6s Plus
1861	iPhone X
223	iPhone 8 Plus
223	iPhone X
582	iPhone X
499	iPad Air 2
174	iPhone 6s
9439	iPhone X
436	iPhone 7 Plus
199	iPhone X
645	iPhone X
199	iPad Air 2
499	iPhone X
646	iPhone X
437	iPad Air 2
940	iPad Pro (12.9 inch)
1062	iPad 5
999	iPad 5
583	iPhone 7 Plus
223	iPhone 7 Plus
437	iPhone X
269	iPhone 7 Plus
437	iPhone 8 Plus
269	iPhone X
656	iPad Air 2
599	iPad Pro (12.9 inch)
983	iPhone 7 Plus
226	iPad 5
576	iPad 5
576	iPad 5
991	iPhone X
437	iPhone 6s
729	iPhone 8 Plus
270	iPhone X
921	iPhone X
437	iPhone 6s
437	iPhone 6s
499	iPhone 7 Plus
984	iPhone 7 Plus
437	iPhone 6s
991	iPhone X
175	iPhone 6s
9449	iPhone X
645	iPad 5
645	iPad Pro (9.7 inch)
174	iPhone 8 Plus
437	iPhone 8 Plus
1057	iPad Air 2
437	iPhone 8 Plus
645	iPad Air 2
656	iPhone X
269	iPhone 7 Plus
656	iPad Air 2
656	iPad Mini 4
1429	iPad Mini 4
437	iPhone X
1429	iPad Mini 4
822	iPad Air 2
729	iPhone 8 Plus
174	iPhone 8 Plus
437	iPhone 7
656	iPad Air 2
2238	iPhone 7 Plus
4783	iPhone X
656	iPhone 7 Plus
656	iPhone 7 Plus
874	iPad Mini 4
499	iPad Air 2
269	iPhone 7
656	iPad Mini 4
174	iPad Mini 4
437	iPad Pro (10.5 inch)
656	iPhone 8
499	iPhone 8 Plus
9454	iPhone X
1429	iPhone 6s
1430	iPhone 6s
532	iPad 5
646	iPad Air 2
1429	iPhone 6s
1430	iPhone 6s
1057	iPhone X
726	iPad 5
269	iPhone 7 Plus
1867	iPhone 6s
729	iPhone 7 Plus
644	iPad Air 2
437	iPhone 7 Plus
175	iPhone 7 Plus
225	iPhone 8
992	iPhone 6s
644	iPad Air 2
9455	iPhone X
268	iPad Air 2
572	iPhone 8
499	iPad 5
9452	iPhone X
656	iPhone 6s
175	iPhone 6s
175	iPhone 6s
437	iPhone 7
644	iPhone X
218	iPhone 7 Plus
510	iPhone 7 Plus
510	iPhone 7 Plus
899	iPhone X
656	iPhone 7
527	iPhone 8 Plus
9449	iPhone X
268	iPad Air 2
643	iPad Air 2
533	iPad 5
499	iPad 5
2887	iPad Mini 4
224	iPhone 7
199	iPad 5
174	iPad Mini 4
652	iPhone 7
2887	iPad Air 2
1869	iPhone X
437	iPad Air 2
657	iPhone 7
656	iPhone 7
1869	iPhone X
175	iPhone 7 Plus
527	iPhone 8 Plus
175	iPhone 6s Plus
3873	iPad Pro (9.7 inch)
438	iPad Air 2
175	iPad Air 2
1869	iPhone 8 Plus
730	iPad Pro (10.5 inch)
224	iPhone 8 Plus
438	iPad Pro (10.5 inch)
644	iPad 5
730	iPhone 6s Plus
569	iPhone 7
569	iPhone 8 Plus
438	iPad Pro (10.5 inch)
499	iPhone 7 Plus
438	iPad Pro (10.5 inch)
499	iPhone 7 Plus
584	iPhone X
438	iPhone 7 Plus
175	iPad Mini 4
876	iPhone X
499	iPhone X
699	iPad 5
438	iPhone 7 Plus
652	iPhone 7 Plus
175	iPhone 6s
438	iPhone 6s
499	iPhone 7 Plus
175	iPhone 7 Plus
652	iPhone 7 Plus
438	iPhone 7 Plus
175	iPhone 7 Plus
437	iPhone 6s Plus
438	iPhone 8 Plus
799	iPhone 7 Plus
652	iPhone 7 Plus
583	iPhone 7
175	iPad Air 2
174	iPhone 7
499	iPhone 7 Plus
730	iPhone 8 Plus
1432	iPhone 6s
499	iPad 5
1432	iPhone 6s
999	iPhone 7 Plus
437	iPhone 6s Plus
657	iPad Mini 4
584	iPhone 6s
499	iPad Pro (12.9 inch)
438	iPhone 7 Plus
438	iPhone X
438	iPhone 7 Plus
499	iPad 5
2382	iPhone X
438	iPhone 7 Plus
499	iPad 5
584	iPhone X
644	iPad Air 2
499	iPad Pro (9.7 inch)
199	iPad 5
499	iPhone 8
175	iPhone 7 Plus
438	iPhone 7 Plus
199	iPhone 7 Plus
175	iPhone 7 Plus
581	iPad Pro (12.9 inch)
499	iPad Pro (9.7 inch)
644	iPad Air 2
438	iPhone 7 Plus
175	iPhone 7 Plus
438	iPad Mini 4
799	iPhone 7 Plus
499	iPhone 8 Plus
644	iPad Air 2
938	iPad Pro (12.9 inch)
268	iPad Air 2
584	iPhone 8 Plus
499	iPhone 7 Plus
499	iPhone 7 Plus
269	iPhone 7 Plus
269	iPad Air 2
1431	iPhone X
1431	iPhone X
199	iPhone 7 Plus
657	iPhone X
175	iPhone X
224	iPhone 7
224	iPhone 7
439	iPhone 6s Plus
658	iPad Mini 4
993	iPad Mini 4
175	iPad Mini 4
439	iPhone 6s
646	iPad 5
646	iPad Pro (12.9 inch)
645	iPad 5
499	iPhone 8
566	iPhone 7 Plus
199	iPhone 8
646	iPad 5
439	iPhone 7 Plus
566	iPad Mini 4
993	iPhone X
260	iPad 5
652	iPad 5
269	iPhone 7
12945	iPad Pro (10.5 inch)
646	iPad 5
646	iPad Pro (10.5 inch)
674	iPhone 7
499	iPad Air 2
646	iPad 5
1058	iPad Air 2
731	iPad Mini 4
269	iPhone 7
260	iPhone 8
646	iPhone 8
439	iPad Mini 4
9485	iPhone X
1175	iPad Pro (12.9 inch)
646	iPad 5
9485	iPhone X
269	iPhone 7 Plus
175	iPad Mini 4
646	iPad Air 2
646	iPad 5
646	iPhone 8
9485	iPhone X
499	iPhone 7 Plus
199	iPhone 7
646	iPhone 8
499	iPhone 7
269	iPad 5
499	iPhone 7 Plus
585	iPhone 7 Plus
2898	iPad Air 2
499	iPhone 7 Plus
439	iPad Pro (9.7 inch)
658	iPhone X
566	iPhone 7 Plus
646	iPad Air 2
269	iPad Pro (12.9 inch)
269	iPhone 7
439	iPhone 8
646	iPad Air 2
529	iPhone X
199	iPad Pro (9.7 inch)
2386	iPhone X
439	iPad Mini 4
175	iPad Air 2
499	iPhone X
269	iPad Pro (10.5 inch)
646	iPad Pro (10.5 inch)
222	iPhone 8 Plus
658	iPhone X
940	iPad Pro (12.9 inch)
269	iPad 5
175	iPhone 8 Plus
9485	iPad Mini 4
175	iPhone 7
585	iPad Mini 4
658	iPhone X
646	iPhone 7
439	iPad Mini 4
995	iPad Mini 4
175	iPad Pro (12.9 inch)
439	iPad Mini 4
439	iPhone 8
439	iPhone 7
175	iPad Mini 4
439	iPad Mini 4
2588	iPad Air 2
269	iPad Air 2
6472	iPad Air 2
1058	iPad Air 2
999	iPad Air 2
566	iPhone 7 Plus
1873	iPhone X
658	iPhone 6s
2588	iPad Air 2
269	iPad Pro (12.9 inch)
646	iPad Pro (9.7 inch)
802	iPhone 7 Plus
9485	iPhone X
878	iPad Air 2
583	iPhone 8 Plus
731	iPhone 7 Plus
439	iPhone 7 Plus
568	iPhone 8
269	iPad Pro (9.7 inch)
439	iPhone 6s Plus
646	iPhone 7 Plus
533	iPad 5
227	iPhone 8
568	iPhone 8
269	iPhone X
269	iPhone X
439	iPhone 7
269	iPad Pro (12.9 inch)
798	iPhone 7 Plus
439	iPhone 6s Plus
822	iPad Air 2
798	iPhone 7 Plus
224	iPhone 7 Plus
895	iPhone X
658	iPhone 6s
1175	iPad Air 2
12945	iPad Air 2
878	iPhone 7
439	iPhone X
439	iPhone 6s
9485	iPhone 6s Plus
2898	iPhone 6s
269	iPad Air 2
439	iPhone X
269	iPhone 7 Plus
658	iPhone 8
439	iPhone 8
646	iPhone 7 Plus
2588	iPad Air 2
260	iPhone 7 Plus
583	iPhone 7
878	iPad Air 2
2166	iPhone 6s
995	iPhone 6s
218	iPhone 7
1057	iPad Pro (10.5 inch)
646	iPad Pro (10.5 inch)
12943	iPad Pro (12.9 inch)
822	iPad Air 2
999	iPad Pro (12.9 inch)
269	iPhone 7
646	iPhone 7
499	iPad Pro (12.9 inch)
12943	iPad Air 2
224	iPhone 7 Plus
646	iPad Air 2
199	iPhone 8
999	iPhone 7 Plus
2386	iPhone 8 Plus
940	iPad Pro (12.9 inch)
1999	iPad Pro (12.9 inch)
1999	iPad Pro (12.9 inch)
658	iPhone X
940	iPad Pro (12.9 inch)
9485	iPhone X
1434	iPhone X
1434	iPhone X
1873	iPhone X
797	iPhone X
2686	iPhone X
9449	iPhone X
3430	iPad 5
939	iPad Air 2
645	iPad Air 2
12932	iPad Air 2
821	iPad Air 2
645	iPhone 7 Plus
1997	iPad Air 2
1997	iPad Air 2
1997	iPad Air 2
1997	iPad Air 2
939	iPad Air 2
1997	iPad Air 2
1997	iPad Air 2
1997	iPad Pro (10.5 inch)
1997	iPad Pro (10.5 inch)
652	iPhone 8 Plus
1292	iPad Air 2
566	iPhone 7 Plus
656	iPhone 7 Plus
9449	iPhone X
645	iPhone 8 Plus
9449	iPhone X
991	iPhone 6s Plus
729	iPhone 6s
269	iPhone 8 Plus
657	iPad Mini 4
1866	iPhone 6s
9449	iPhone X
437	iPhone 8 Plus
9449	iPhone X
9449	iPhone X
529	iPhone 7
260	iPhone 7
773	iPad Mini 4
9449	iPhone X
583	iPhone X
583	iPhone X
2158	iPhone X
583	iPad Pro (12.9 inch)
174	iPad Mini 4
174	iPhone 8 Plus
9449	iPhone X
1044	iPhone 7
471	iPhone 7 Plus
437	iPhone 7 Plus
583	iPad Pro (10.5 inch)
174	iPhone 7
199	iPhone 7
991	iPhone X
2158	iPhone X
9449	iPhone X
652	iPhone 7
9449	iPhone X
991	iPhone X
174	iPhone 7 Plus
656	iPhone X
583	iPhone X
437	iPhone 6s Plus
652	iPhone 7
656	iPhone 7 Plus
437	iPhone 7 Plus
729	iPhone 7
9449	iPhone X
991	iPhone X
437	iPhone 7 Plus
9449	iPhone X
2999	iPhone 7 Plus
437	iPad Air 2
948	iPad Air 2
174	iPad Pro (12.9 inch)
729	iPhone 7
798	iPhone 7 Plus
1704	iPhone 7 Plus
437	iPhone 6s
1704	iPhone 7 Plus
222	iPhone 7
174	iPad Air 2
656	iPhone 7
1866	iPhone 6s Plus
656	iPhone X
437	iPhone 7
566	iPhone 7
529	iPad Air 2
656	iPhone X
437	iPhone 6s
437	iPhone 6s
174	iPhone 6s
1429	iPhone X
1429	iPhone X
199	iPhone 8 Plus
729	iPhone 8 Plus
437	iPad Air 2
437	iPad Air 2
437	iPad Pro (12.9 inch)
260	iPhone 7 Plus
583	iPhone 7 Plus
645	iPhone 8
269	iPhone 8
652	iPad Pro (9.7 inch)
939	iPhone 8 Plus
1292	iPhone 8 Plus
437	iPad Mini 4
499	iPad 5
566	iPhone 7 Plus
3789	iPhone 7 Plus
499	iPad Pro (10.5 inch)
566	iPhone 7 Plus
566	iPhone 7 Plus
499	iPhone X
260	iPad 5
2376	iPhone 8
437	iPad Mini 4
174	iPad Mini 4
269	iPad Pro (12.9 inch)
3318	iPhone 7 Plus
269	iPhone X
645	iPad Pro (10.5 inch)
652	iPhone 7 Plus
645	iPhone X
729	iPad Air 2
269	iPad Air 2
260	iPhone 7 Plus
799	iPhone 8
437	iPhone 7
1057	iPad Pro (10.5 inch)
437	iPhone 7
437	iPhone 7
529	iPhone 7 Plus
224	iPhone 7 Plus
645	iPhone 7 Plus
174	iPhone 7 Plus
583	iPhone X
269	iPhone 7 Plus
645	iPad Pro (10.5 inch)
798	iPhone 7 Plus
2376	iPad Pro (12.9 inch)
652	iPad 5
860	iPhone 8 Plus
9999	iPhone 6s
860	iPhone 8 Plus
1942	iPhone 8 Plus
947	iPhone 8 Plus
645	iPhone 8 Plus
652	iPad 5
529	iPhone 7
566	iPhone 7
9449	iPhone X
2166	iPhone 8 Plus
566	iPhone 7
1174	iPhone X
269	iPad Air 2
1174	iPad Pro (10.5 inch)
729	iPad Pro (9.7 inch)
529	iPhone 7 Plus
260	iPad Pro (9.7 inch)
656	iPad Pro (10.5 inch)
986	iPhone 7 Plus
991	iPad7,5
645	iPad Air 2
645	iPad Pro (10.5 inch)
1998	iPad 5
9449	iPhone X
999	iPad Air 2
9449	iPhone 8 Plus
437	iPad Air 2
1998	iPad Air 2
1866	iPhone 7 Plus
652	iPhone 7 Plus
199	iPad 5
652	iPhone 7
260	iPhone 7
798	iPhone 7 Plus
899	iPhone 7 Plus
645	iPad Pro (10.5 inch)
801	iPhone 7 Plus
437	iPad Pro (12.9 inch)
645	iPad Pro (10.5 inch)
437	iPhone X
260	iPhone 8
437	iPhone X
437	iPhone X
437	iPad Mini 4
174	iPad Mini 4
174	iPhone 8 Plus
798	iPhone 7
1866	iPhone X
437	iPad Mini 4
645	iPhone 7 Plus
437	iPhone 6s Plus
566	iPhone 7
529	iPhone 8 Plus
174	iPhone 7 Plus
222	iPhone 8
499	iPhone 8 Plus
437	iPhone 8 Plus
224	iPhone 7
499	iPhone 7 Plus
920	iPhone X
1337	iPhone X
674	iPhone X
437	iPad Pro (12.9 inch)
529	iPhone 7 Plus
1337	iPhone X
645	iPad Pro (10.5 inch)
887	iPhone 7 Plus
645	iPhone 7
1042	iPhone X
674	iPhone X
1429	iPhone 7 Plus
1429	iPhone 7 Plus
801	iPhone 7 Plus
583	iPhone 6s
2887	iPhone 8 Plus
656	iPhone 7 Plus
269	iPad Pro (12.9 inch)
437	iPad Pro (10.5 inch)
174	iPhone 8 Plus
1429	iPhone 8
1429	iPhone 8
729	iPhone 7 Plus
437	iPhone X
9449	iPhone 8 Plus
1174	iPad Pro (12.9 inch)
674	iPhone 7
437	iPad Air 2
437	iPhone 8
729	iPhone 7 Plus
645	iPhone 7 Plus
174	iPhone 8
795	iPhone X
656	iPad Mini 4
674	iPhone X
9449	iPhone X
645	iPad Air 2
645	iPhone X
437	iPad Air 2
645	iPhone X
874	iPad Mini 4
674	iPhone X
874	iPhone 7
9449	iPhone 8
437	iPad Air 2
9449	iPhone X
437	iPad Air 2
939	iPad 5
1997	iPad Pro (12.9 inch)
674	iPhone X
1997	iPad Pro (12.9 inch)
583	iPad 5
656	iPhone X
2887	iPhone 7 Plus
1729	iPad 5
570	iPhone X
1729	iPad 5
174	iPhone 7
1866	iPhone X
645	iPhone X
529	iPhone 7 Plus
729	iPhone X
570	iPhone 8
9449	iPhone X
260	iPhone 8 Plus
269	iPhone 7 Plus
821	iPad Pro (12.9 inch)
570	iPhone X
529	iPhone 7 Plus
939	iPad Pro (12.9 inch)
1997	iPad Pro (12.9 inch)
1997	iPad Pro (12.9 inch)
652	iPhone 8 Plus
729	iPhone X
1997	iPad Pro (12.9 inch)
570	iPhone X
1997	iPad Pro (12.9 inch)
1997	iPad Pro (12.9 inch)
1866	iPhone X
1429	iPhone X
1429	iPhone X
1997	iPad Pro (12.9 inch)
939	iPad Pro (12.9 inch)
656	iPad Pro (12.9 inch)
1429	iPhone X
1429	iPhone X
529	iPad Pro (10.5 inch)
1429	iPhone X
1429	iPhone X
1429	iPhone X
1429	iPhone X
174	iPhone 6s Plus
645	iPad 5
437	iPhone 7 Plus
1866	iPhone 7 Plus
799	iPhone 7 Plus
529	iPhone 7 Plus
991	iPhone 8 Plus
499	iPhone 7 Plus
218	iPad Air 2
9999	iPhone 6s
1866	iPhone 8
499	iPhone 7 Plus
529	iPhone 7 Plus
499	iPhone 7 Plus
645	iPad 5
1174	iPhone X
939	iPhone X
821	iPhone X
991	iPhone 7
1866	iPhone 7
5837	iPhone 7 Plus
224	iPad Pro (10.5 inch)
583	iPad Air 2
656	iPhone 6s Plus
583	iPhone 6s
1429	iPhone 8
1429	iPhone 8
499	iPad Pro (12.9 inch)
1429	iPhone 8
1429	iPhone 8
437	iPad Pro (10.5 inch)
999	iPad Pro (12.9 inch)
645	iPad Pro (12.9 inch)
991	iPhone X
991	iPhone 6s Plus
1866	iPhone X
874	iPhone 6s
199	iPad Pro (12.9 inch)
489	iPad 5
583	iPhone X
267	iPad Air 2
652	iPhone X
991	iPad Mini 4
437	iPhone 8 Plus
583	iPad Air 2
437	iPad Air 2
799	iPhone 7 Plus
499	iPhone 7 Plus
656	iPhone X
437	iPhone 8 Plus
2887	iPhone 6s
9449	iPhone X
437	iPhone X
437	iPad Mini 4
499	iPhone 7 Plus
3094	iPad Air 2
529	iPhone 8 Plus
174	iPhone 7
499	iPhone 7 Plus
874	iPhone 7 Plus
645	iPhone 7
991	iPhone X
656	iPhone 6s
1429	iPhone 6s
1429	iPhone 6s
583	iPhone 6s
1429	iPhone 6s
1429	iPhone 6s
437	iPhone 6s
1429	iPhone 6s
1429	iPhone 6s
1429	iPhone 8
1429	iPhone 8
899	iPad Air 2
437	iPhone 7
1866	iPhone X
2376	iPhone 7
991	iPhone 7
656	iPhone X
645	iPad Air 2
1429	iPhone 6s
1429	iPhone 6s
269	iPhone 7 Plus
529	iPhone X
991	iPhone 7 Plus
499	iPhone 7 Plus
645	iPad Pro (12.9 inch)
499	iPhone 7 Plus
269	iPhone X
199	iPhone 7 Plus
656	iPad Air 2
437	iPad Air 2
1996	iPad Pro (10.5 inch)
1995	iPad Pro (10.5 inch)
269	iPhone 7
9453	iPhone 8 Plus
1056	iPhone 7 Plus
499	iPhone 8
437	iPad Air 2
656	iPhone 8 Plus
645	iPad Air 2
1429	iPhone 8 Plus
656	iPad Pro (12.9 inch)
1429	iPhone 8 Plus
540	iPhone 7 Plus
2887	iPhone 7 Plus
529	iPhone 7 Plus
260	iPhone 7 Plus
2158	iPhone X
991	iPhone 7
729	iPhone X
9451	iPhone X
652	iPad Air 2
1866	iPhone X
224	iPhone 7 Plus
437	iPad Air 2
656	iPad7,5
799	iPad Mini 4
599	iPhone11,6
652	iPad 5
499	iPad Mini 4
215	iPhone 7
437	iPad7,5
499	iPad Mini 4
260	iPhone 8 Plus
499	iPhone X
199	iPhone X
499	iPad Mini 4
499	iPad Mini 4
1172	iPhone X
260	iPhone 7
1866	iPhone X
2886	iPhone 8
199	iPad Mini 4
674	iPhone 7
437	iPhone 7
674	iPhone 7
437	iPhone 7 Plus
437	iPhone 7 Plus
874	iPad Pro (9.7 inch)
437	iPad Air 2
437	iPhone 7 Plus
437	iPhone 8
795	iPad 5
437	iPhone 7 Plus
174	iPad Air 2
992	iPhone X
174	iPhone 7 Plus
175	iPhone 7 Plus
1866	iPhone 6s
939	iPhone 7 Plus
1997	iPad Air 2
1996	iPad Air 2
3879	iPad Air 2
1997	iPad Air 2
1997	iPad Air 2
656	iPhone X
1429	iPhone X
1429	iPhone X
1428	iPhone 8 Plus
1429	iPhone X
1428	iPhone 8 Plus
1429	iPhone X
875	iPhone 7 Plus
729	iPad Pro (10.5 inch)
437	iPhone 8
999	iPad 5
260	iPad Air 2
1428	iPhone X
437	iPad Air 2
656	iPhone X
1428	iPhone X
1428	iPhone X
850	iPhone 8 Plus
1428	iPhone X
1428	iPhone X
656	iPad Air 2
656	iPhone 7 Plus
580	iPhone X
268	iPhone 7 Plus
499	iPhone 7 Plus
583	iPhone 7 Plus
580	iPhone X
199	iPhone 7 Plus
581	iPhone X
269	iPhone 8
1867	iPad Air 2
2628	iPhone X
528	iPhone 8
2499	iPad Pro (12.9 inch)
1292	iPhone 7 Plus
2892	iPhone 6s
175	iPad Air 2
645	iPhone X
438	iPhone X
175	iPhone X
584	iPhone X
657	iPhone X
584	iPhone X
584	iPhone X
9467	iPhone X
876	iPhone X
438	iPad Air 2
1870	iPhone 8
438	iPhone 7 Plus
438	iPad Air 2
499	iPhone 7
438	iPad Air 2
175	iPhone 8
657	iPhone 7 Plus
584	iPhone X
1431	iPhone X
9465	iPhone 7 Plus
1431	iPhone X
993	iPhone 7 Plus
584	iPad7,5
584	iPad7,5
1431	iPad Air 2
1431	iPad Air 2
1431	iPad Air 2
657	iPhone 6s
730	iPhone 8
175	iPhone 8
646	iPhone X
730	iPhone 6s
584	iPad Mini 4
993	iPhone 7 Plus
438	iPad Air 2
438	iPad Air 2
1432	iPhone 8 Plus
1432	iPhone 8 Plus
438	iPhone 8
270	iPhone 8 Plus
438	iPhone 7 Plus
942	iPad Pro (9.7 inch)
730	iPhone X
647	iPad Air 2
438	iPad Air 2
438	iPhone 7 Plus
660	iPad Pro (12.9 inch)
438	iPhone 7 Plus
730	iPhone 6s Plus
987	iPhone 7
9479	iPhone X
438	iPhone 7 Plus
438	iPhone 7 Plus
798	iPhone 8
175	iPhone 7 Plus
1705	iPhone 8
774	iPhone 8 Plus
269	iPhone 7
1295	iPad Air 2
438	iPhone 7
269	iPhone 7
438	iPhone X
940	iPhone 7
2258	iPhone 7 Plus
799	iPad 5
270	iPhone X
658	iPad Pro (12.9 inch)
175	iPhone 6s
175	iPhone 7
499	iPad 5
528	iPad Mini 4
1058	iPad Air 2
929	iPhone 7 Plus
438	iPhone 7 Plus
646	iPad Air 2
438	iPad Pro (10.5 inch)
438	iPad Pro (10.5 inch)
1058	iPad Pro (12.9 inch)
646	iPad Air 2
941	iPad Air 2
657	iPad7,5
1059	iPad Air 2
2590	iPad Air 2
269	iPad Air 2
499	iPad 5
438	iPhone 6s Plus
438	iPhone 7 Plus
9999	iPhone 6s
438	iPhone 7
528	iPad Pro (10.5 inch)
175	iPhone 6s Plus
1998	iPad Pro (12.9 inch)
2893	iPhone 7 Plus
730	iPhone 7 Plus
438	iPhone 7 Plus
438	iPhone 7 Plus
993	iPhone 6s
438	iPhone 7 Plus
1869	iPhone X
438	iPhone 7 Plus
730	iPhone 7
584	iPhone 7
582	iPhone 8
582	iPhone 8
438	iPhone 6s Plus
438	iPhone 7
657	iPhone 6s Plus
657	iPhone 6s Plus
216	iPad Air 2
438	iPhone X
175	iPhone 7
175	iPhone 7 Plus
774	iPad Air 2
687	iPad Pro (10.5 inch)
646	iPhone 7 Plus
993	iPhone 7
876	iPad Pro (10.5 inch)
657	iPhone 6s
2499	iPad 5
1870	iPhone X
584	iPhone 6s
876	iPhone 6s
799	iPhone 8 Plus
175	iPad Pro (9.7 inch)
993	iPhone X
2380	iPhone X
499	iPhone 7
657	iPhone 6s Plus
1431	iPhone 8
1431	iPhone 8
499	iPhone 8 Plus
657	iPhone X
438	iPhone X
511	iPhone 7 Plus
1998	iPad Pro (12.9 inch)
199	iPhone 8 Plus
438	iPhone 7
657	iPhone 7
646	iPhone 7 Plus
1325	iPhone 7 Plus
646	iPad Pro (12.9 inch)
2652	iPhone 7 Plus
263	iPhone 7 Plus
646	iPhone 7 Plus
269	iPhone 7 Plus
646	iPhone 7 Plus
1325	iPad Pro (12.9 inch)
993	iPhone 8 Plus
541	iPad 5
541	iPad 5
499	iPhone 8 Plus
499	iPhone 8 Plus
646	iPad Pro (10.5 inch)
269	iPad Pro (10.5 inch)
175	iPhone 8
175	iPhone 8
2588	iPad Pro (10.5 inch)
645	iPad Air 2
645	iPad Air 2
269	iPad Air 2
438	iPhone 6s Plus
876	iPhone X
599	iPad Pro (12.9 inch)
175	iPhone 8
571	iPhone 7 Plus
1869	iPhone X
438	iPhone 8
875	iPhone X
269	iPad Pro (10.5 inch)
993	iPhone 8 Plus
992	iPhone 8 Plus
9463	iPhone 8 Plus
263	iPhone 7 Plus
657	iPhone 7 Plus
1431	iPhone 7 Plus
1431	iPhone 7 Plus
1869	iPhone X
1431	iPhone 7 Plus
1431	iPhone 7 Plus
644	iPhone 7 Plus
584	iPhone 7 Plus
1431	iPhone 7 Plus
1431	iPhone 7 Plus
584	iPhone 7 Plus
1173	iPad Pro (10.5 inch)
1998	iPad Air 2
999	iPad 5
730	iPhone X
438	iPad Air 2
645	iPad 5
2162	iPhone 7 Plus
438	iPhone 7 Plus
1699	iPhone 8
799	iPad Air 2
438	iPhone X
993	iPhone 8 Plus
438	iPad Air 2
657	iPad Pro (10.5 inch)
269	iPad Pro (9.7 inch)
584	iPhone X
1700	iPhone 8
175	iPhone X
646	iPhone 7
218	iPad Air 2
438	iPad Mini 4
175	iPhone 7
438	iPhone 6s Plus
511	iPad Air 2
9470	iPhone 8 Plus
2894	iPhone X
657	iPhone 7 Plus
438	iPhone 6s Plus
876	iPhone X
926	iPad Pro (9.7 inch)
268	iPhone 7
268	iPhone X
9463	iPhone 6s Plus
1695	iPhone 8
992	iPhone 7 Plus
263	iPad Pro (12.9 inch)
992	iPhone 7 Plus
175	iPhone 7 Plus
3863	iPad Pro (12.9 inch)
657	iPhone 7 Plus
875	iPhone X
656	iPhone X
656	iPhone X
583	iPhone 7 Plus
2158	iPhone 7
1866	iPhone X
999	iPhone 8
656	iPhone 8 Plus
793	iPhone 8
2158	iPhone 7
1693	iPhone 8
437	iPhone 7 Plus
217	iPad Air 2
437	iPad Mini 4
437	iPhone 8
658	iPad Pro (9.7 inch)
658	iPad Pro (9.7 inch)
437	iPad7,5
267	iPhone 7 Plus
268	iPhone X
657	iPad Pro (9.7 inch)
817	iPhone 7 Plus
1987	iPhone 7 Plus
1988	iPhone 7 Plus
642	iPhone 7 Plus
657	iPad Pro (9.7 inch)
1987	iPhone 7 Plus
1987	iPhone 7 Plus
642	iPhone X
657	iPad Pro (9.7 inch)
262	iPad Pro (9.7 inch)
437	iPhone 6s
9459	iPad Mini 4
267	iPhone 7 Plus
2570	iPhone 7 Plus
876	iPhone 7
992	iPhone 7 Plus
438	iPhone 7
641	iPhone 7 Plus
730	iPhone X
175	iPhone 7 Plus
641	iPhone 7 Plus
657	iPad Air 2
1868	iPad Air 2
583	iPhone 7 Plus
438	iPhone 7 Plus
656	iPhone 7 Plus
2379	iPhone X
1694	iPhone 8
175	iPhone 7 Plus
656	iPhone 7
437	iPhone 6s Plus
499	iPhone 7 Plus
437	iPhone 7
437	iPhone 8 Plus
583	iPhone 6s
199	iPhone 7 Plus
999	iPhone 7
199	iPhone 7
2380	iPhone 7
1869	iPhone 7
584	iPhone 7
657	iPhone 7
876	iPhone 7
261	iPhone 7
499	iPad 5
4790	iPhone 7
584	iPhone 7
730	iPhone 7
438	iPhone 7
657	iPhone X
9460	iPhone 7
9460	iPhone 7 Plus
657	iPhone 7 Plus
438	iPhone 7 Plus
657	iPhone 7
1868	iPhone 7
541	iPad Air 2
2381	iPhone 7
730	iPad Pro (9.7 inch)
175	iPhone 7
657	iPhone 7
438	iPhone 7
438	iPad Air 2
9464	iPhone 7
261	iPhone 7
438	iPhone 7 Plus
175	iPhone 6s Plus
730	iPhone 7
437	iPhone 7 Plus
437	iPhone 6s Plus
729	iPhone 7
499	iPad Air 2
499	iPad 5
816	iPhone 7 Plus
815	iPhone 7 Plus
583	iPhone X
772	iPad 5
655	iPhone 7 Plus
1868	iPhone 7 Plus
216	iPhone 8 Plus
438	iPhone 6s
640	iPad Pro (12.9 inch)
599	iPad Pro (12.9 inch)
438	iPad Pro (12.9 inch)
438	iPhone 6s
772	iPhone X
175	iPhone 7 Plus
222	iPhone 7 Plus
640	iPhone X
655	iPad Mini 4
438	iPhone 7
499	iPhone 7 Plus
267	iPhone X
438	iPhone 7
655	iPad Mini 4
499	iPhone 7 Plus
437	iPhone 7
199	iPhone 7 Plus
175	iPhone 7
267	iPhone 7 Plus
640	iPad Air 2
438	iPhone 7
1984	iPad Air 2
1984	iPad Air 2
1283	iPad Air 2
4789	iPhone 7
656	iPad Pro (10.5 inch)
437	iPhone 8 Plus
2568	iPhone 7 Plus
993	iPad Pro (12.9 inch)
1868	iPhone X
2891	iPad Mini 4
1868	iPhone X
438	iPhone 7 Plus
657	iPhone X
261	iPhone 7
175	iPhone 6s Plus
730	iPad Pro (10.5 inch)
992	iPhone X
1869	iPhone 6s
999	iPhone X
657	iPad Pro (10.5 inch)
437	iPhone 7 Plus
437	iPhone 8 Plus
175	iPad Pro (10.5 inch)
599	iPad Pro (12.9 inch)
669	iPhone 8
249	iPad Pro (12.9 inch)
499	iPhone 8
2499	iPhone X
583	iPad Mini 4
3298	iPhone 8
999	iPhone 8
437	iPhone 7
882	iPhone 7 Plus
640	iPhone 7 Plus
2378	iPad7,5
583	iPhone 7
1867	iPhone X
437	iPhone 7 Plus
437	iPad Pro (12.9 inch)
437	iPhone 7 Plus
437	iPad Pro (10.5 inch)
175	iPhone 6s
1429	iPhone X
1429	iPhone X
437	iPad Pro (10.5 inch)
656	iPhone X
1430	iPhone X
3299	iPhone 7
1429	iPhone X
437	iPad Pro (10.5 inch)
267	iPhone 7 Plus
526	iPhone 7 Plus
640	iPhone X
1867	iPhone X
437	iPhone X
175	iPad Pro (10.5 inch)
656	iPad Air 2
526	iPhone 7 Plus
1429	iPhone 8 Plus
1429	iPhone 8 Plus
729	iPad Mini 4
9453	iPhone X
437	iPad Pro (9.7 inch)
583	iPhone 7
437	iPad Pro (10.5 inch)
875	iPad Pro (12.9 inch)
437	iPhone 6s
583	iPhone X
583	iPhone X
526	iPhone 7 Plus
525	iPhone 7 Plus
656	iPhone X
222	iPhone 7 Plus
437	iPhone 8 Plus
175	iPhone 8 Plus
437	iPhone 7 Plus
641	iPad Air 2
437	iPhone 8 Plus
641	iPhone X
175	iPad Pro (9.7 inch)
641	iPhone X
437	iPad Mini 4
656	iPhone 8 Plus
992	iPhone 8 Plus
641	iPhone X
437	iPhone 8 Plus
641	iPhone X
175	iPhone 8 Plus
267	iPhone 7
992	iPhone X
437	iPad Mini 4
262	iPhone X
267	iPhone X
2378	iPhone 7 Plus
656	iPhone 8 Plus
1430	iPhone 8 Plus
1430	iPhone 8 Plus
437	iPad Air 2
437	iPhone 7
729	iPad Pro (10.5 inch)
699	iPad Pro (12.9 inch)
437	iPhone X
175	iPad Mini 4
1052	iPad Air 2
175	iPhone X
1989	iPhone X
1989	iPhone X
1989	iPhone X
1989	iPhone X
656	iPhone 6s
437	iPhone X
992	iPhone 7
437	iPhone X
437	iPhone X
9455	iPhone 6s Plus
175	iPad Pro (10.5 inch)
992	iPhone 7
437	iPad Pro (10.5 inch)
729	iPad Pro (12.9 inch)
525	iPhone 7
267	iPad Pro (12.9 inch)
437	iPhone 8 Plus
175	iPhone 8 Plus
175	iPad Mini 4
437	iPhone 7
437	iPhone X
656	iPhone 7
437	iPhone 7
437	iPhone 7
437	iPad Pro (9.7 inch)
992	iPhone X
992	iPhone X
437	iPhone 7
437	iPad Air 2
216	iPad Air 2
729	iPhone X
437	iPad Pro (9.7 inch)
999	iPad Pro (9.7 inch)
875	iPad Pro (10.5 inch)
437	iPad Air 2
640	iPad Air 2
1430	iPad Pro (12.9 inch)
1429	iPad Pro (12.9 inch)
875	iPad Pro (10.5 inch)
2889	iPad Air 2
656	iPhone X
1430	iPad Pro (12.9 inch)
9457	iPad Pro (10.5 inch)
1430	iPad Pro (12.9 inch)
2379	iPhone 6s Plus
1429	iPad Pro (12.9 inch)
2377	iPad Pro (10.5 inch)
1429	iPad Pro (12.9 inch)
437	iPhone X
2888	iPad Pro (12.9 inch)
992	iPhone 6s Plus
437	iPad Mini 4
656	iPad Pro (12.9 inch)
656	iPhone 8 Plus
437	iPhone 7
656	iPhone 7
729	iPad Pro (12.9 inch)
1983	iPhone X
1983	iPhone X
991	iPhone 6s Plus
1983	iPhone X
1428	iPhone X
656	iPad Pro (12.9 inch)
1428	iPhone 7
1428	iPhone X
1428	iPhone 7
728	iPhone X
655	iPhone X
583	iPad Pro (12.9 inch)
655	iPhone 7 Plus
437	iPhone 6s
582	iPhone X
583	iPhone X
583	iPhone X
9445	iPhone 6s Plus
991	iPhone X
9445	iPhone X
1428	iPhone 8 Plus
583	iPhone 8 Plus
1428	iPhone 8 Plus
991	iPhone 7
437	iPhone 7
436	iPad Pro (12.9 inch)
655	iPhone X
728	iPhone 7
582	iPhone X
2374	iPhone 6s
2375	iPhone 7 Plus
437	iPhone 7
769	iPhone X
174	iPhone 7
437	iPhone 7
1864	iPad Pro (12.9 inch)
655	iPhone 7
9440	iPhone 7 Plus
1428	iPhone 7
437	iPad Pro (12.9 inch)
2756	iPhone 7
2374	iPhone 7
1428	iPhone 7
874	iPad Pro (12.9 inch)
990	iPad Pro (12.9 inch)
437	iPad Pro (12.9 inch)
437	iPad Air 2
437	iPhone 7
174	iPad Pro (12.9 inch)
437	iPhone 7
2375	iPhone X
1998	iPad Pro (12.9 inch)
2375	iPhone 7
2375	iPhone X
174	iPhone 6s
1428	iPhone X
1427	iPhone X
1428	iPhone 6s Plus
2375	iPad7,5
437	iPhone X
1428	iPhone 6s Plus
1428	iPhone X
2375	iPhone 8 Plus
1428	iPhone X
1428	iPhone X
1428	iPhone X
1428	iPhone X
2375	iPhone 8 Plus
437	iPhone 7
2224	iPhone 7
2375	iPhone 6s
599	iPhone 7 Plus
2375	iPhone X
2375	iPhone X
214	iPad 5
2375	iPhone 7 Plus
999	iPad 5
991	iPhone X
1865	iPhone X
722	iPhone 7 Plus
1662	iPhone 7 Plus
1662	iPhone 7 Plus
1865	iPhone X
437	iPhone 6s Plus
722	iPhone 7 Plus
1662	iPhone 7 Plus
1661	iPhone 7 Plus
999	iPad 5
794	iPhone 7 Plus
1662	iPhone 7 Plus
1662	iPhone 7 Plus
1661	iPhone 7 Plus
1661	iPhone 7 Plus
488	iPad 5
437	iPhone 6s
2886	iPad Air 2
437	iPhone 7 Plus
1077	iPad 5
437	iPhone 6s
932	iPad Pro (12.9 inch)
267	iPhone X
437	iPhone X
2156	iPhone 8 Plus
174	iPhone X
640	iPhone 8 Plus
640	iPad Pro (10.5 inch)
436	iPhone X
9421	iPhone 6s Plus
267	iPhone 7
873	iPhone X
436	iPhone 7
726	iPhone 7
990	iPhone X
990	iPhone 8 Plus
990	iPhone 6s
174	iPhone 6s Plus
174	iPad Mini 4
933	iPhone 8 Plus
1863	iPhone X
641	iPad Air 2
655	iPhone 8 Plus
728	iPhone 7
190	iPad 5
1050	iPad Pro (12.9 inch)
582	iPhone X
728	iPhone 7 Plus
655	iPhone X
641	iPhone 7
991	iPhone X
174	iPhone 7
437	iPhone 7 Plus
437	iPhone 7
437	iPhone 7
2885	iPhone X
437	iPhone 7 Plus
437	iPhone 7 Plus
174	iPhone 7 Plus
437	iPhone 8 Plus
437	iPad Mini 4
582	iPad7,5
437	iPad Mini 4
437	iPhone 7
437	iPad Pro (10.5 inch)
582	iPad Pro (12.9 inch)
174	iPhone 7
1428	iPad Pro (12.9 inch)
1428	iPad Pro (12.9 inch)
174	iPhone 8 Plus
999	iPad 5
436	iPhone 8 Plus
641	iPad Pro (12.9 inch)
437	iPhone 8 Plus
655	iPhone X
1864	iPhone 8 Plus
791	iPhone 8
436	iPhone 6s
9434	iPhone X
436	iPhone X
642	iPad Air 2
655	iPhone X
471	iPhone 7 Plus
174	iPhone 6s
655	iPhone X
261	iPhone 7
436	iPhone X
174	iPhone X
174	iPhone X
436	iPhone 6s Plus
436	iPhone 6s Plus
436	iPhone X
436	iPad Mini 4
174	iPad Pro (10.5 inch)
873	iPhone X
641	iPad 5
727	iPhone X
9434	iPhone 6s Plus
582	iPhone 8 Plus
174	iPad Pro (10.5 inch)
582	iPhone 6s
655	iPhone X
215	iPad Air 2
9434	iPhone X
436	iPhone 7 Plus
486	iPhone X
935	iPhone 7 Plus
261	iPhone 7
436	iPhone X
990	iPad Pro (10.5 inch)
990	iPad Pro (10.5 inch)
1008	iPhone 7 Plus
641	iPhone 8 Plus
267	iPhone X
990	iPhone X
9436	iPhone 6s Plus
436	iPad Mini 4
655	iPhone 7
536	iPhone 8 Plus
267	iPhone 8 Plus
1427	iPad7,5
1427	iPad7,5
215	iPad 5
436	iPhone 6s Plus
1427	iPhone 6s Plus
1427	iPhone 6s Plus
1426	iPhone 6s Plus
1426	iPhone 6s Plus
582	iPhone 6s Plus
9438	iPhone 8 Plus
655	iPhone 6s Plus
655	iPhone 6s Plus
1427	iPhone 6s Plus
174	iPhone 8
1427	iPhone 6s Plus
655	iPhone 6s Plus
1427	iPhone 6s Plus
1427	iPhone 6s Plus
1427	iPhone 6s Plus
1427	iPhone 6s Plus
1427	iPhone 6s Plus
214	iPhone 8 Plus
1427	iPhone 8
1427	iPhone 8
2884	iPhone X
194	iPhone X
874	iPad Pro (12.9 inch)
655	iPhone X
656	iPhone 7 Plus
437	iPhone 8 Plus
437	iPhone 7 Plus
437	iPhone 8 Plus
213	iPhone 7 Plus
655	iPhone 7 Plus
655	iPhone 8 Plus
174	iPad Pro (9.7 inch)
655	iPhone 6s Plus
728	iPhone 6s Plus
437	iPhone 7 Plus
655	iPad7,5
874	iPhone 6s
642	iPad Air 2
991	iPhone 7
991	iPhone 7
717	iPhone 7 Plus
789	iPhone 7 Plus
436	iPhone X
789	iPhone 7 Plus
766	iPad Mini 4
2145	iPhone 8 Plus
2155	iPhone 8 Plus
2155	iPhone 8 Plus
1863	iPhone X
642	iPad Pro (12.9 inch)
222	iPhone 8 Plus
436	iPhone X
655	iPhone 7
436	iPhone X
873	iPhone 7
655	iPad Pro (12.9 inch)
989	iPhone X
1861	iPhone X
654	iPhone X
581	iPhone X
436	iPhone 7
1861	iPhone X
654	iPhone X
1425	iPhone X
1425	iPhone X
436	iPad Mini 4
654	iPad Pro (9.7 inch)
437	iPad Pro (9.7 inch)
437	iPad Pro (9.7 inch)
2879	iPhone 7 Plus
583	iPhone 7 Plus
991	iPad Mini 4
991	iPad Mini 4
991	iPhone 7 Plus
991	iPhone 8 Plus
656	iPhone 6s
991	iPhone 7 Plus
991	iPhone 7 Plus
1998	iPad Air 2
437	iPad Air 2
1867	iPhone X
656	iPhone 7
656	iPhone 7
437	iPhone 6s
729	iPad Pro (9.7 inch)
9452	iPhone 7 Plus
437	iPad Pro (9.7 inch)
437	iPad Pro (9.7 inch)
437	iPad Pro (9.7 inch)
729	iPhone 6s
437	iPad Pro (9.7 inch)
437	iPad Pro (9.7 inch)
728	iPhone X
583	iPhone X
1865	iPhone X
437	iPhone X
437	iPhone 6s
437	iPhone 6s
174	iPad Pro (9.7 inch)
437	iPhone X
437	iPhone X
583	iPhone 7 Plus
437	iPhone 7
729	iPhone 6s
583	iPhone 7
221	iPhone 7
261	iPhone 7
656	iPhone 7 Plus
437	iPad Mini 4
261	iPhone 7
656	iPhone X
174	iPhone 7
437	iPhone 7
523	iPhone 7
175	iPad Air 2
1866	iPad Pro (12.9 inch)
655	iPhone 7
656	iPhone 7
437	iPad Mini 4
3858	iPhone X
174	iPad Pro (12.9 inch)
437	iPhone 6s
990	iPhone 7
436	iPhone 6s
436	iPhone 6s
9450	iPhone X
729	iPad Air 2
174	iPad Mini 4
436	iPhone X
437	iPad Air 2
437	iPhone 6s
641	iPhone X
656	iPhone 6s
656	iPhone 6s
583	iPhone 6s
641	iPhone 7 Plus
175	iPad Mini 4
437	iPad Air 2
267	iPhone 8
437	iPhone X
536	iPad Pro (12.9 inch)
875	iPhone 6s
175	iPad Air 2
437	iPad Air 2
875	iPhone 8 Plus
437	iPhone X
437	iPad Mini 4
9999	iPhone 6s
437	iPhone 6s
175	iPad Pro (10.5 inch)
437	iPhone 6s
729	iPad Mini 4
4783	iPhone 7
991	iPhone X
874	iPhone X
9448	iPhone 7
437	iPad Mini 4
175	iPhone 7
437	iPad Mini 4
437	iPhone 7
437	iPad Mini 4
536	iPad Pro (12.9 inch)
437	iPhone 6s
1866	iPhone 8 Plus
672	iPad Pro (12.9 inch)
269	iPad Pro (12.9 inch)
437	iPad Mini 4
1428	iPhone 6s
1427	iPhone 6s
1427	iPhone 6s
437	iPhone 6s
174	iPad Pro (10.5 inch)
583	iPhone 8 Plus
437	iPhone 7
524	iPhone 8
990	iPad Pro (10.5 inch)
174	iPad Pro (10.5 inch)
174	iPad Pro (12.9 inch)
436	iPhone 6s
1427	iPhone 6s
174	iPhone 6s
174	iPad Pro (9.7 inch)
524	iPhone 7
174	iPad Air 2
174	iPhone 7
524	iPhone 8
655	iPad Pro (10.5 inch)
436	iPhone 7
436	iPad Pro (10.5 inch)
990	iPhone X
436	iPad Air 2
727	iPhone 7 Plus
174	iPad Air 2
655	iPhone 7 Plus
655	iPhone 6s
699	iPhone 7 Plus
436	iPad Air 2
1863	iPhone 7
11471	iPhone 7 Plus
989	iPhone 8 Plus
266	iPad Air 2
989	iPhone 7 Plus
873	iPhone 8 Plus
1862	iPhone X
582	iPhone X
9999	iPhone 6s
873	iPhone 7 Plus
989	iPhone 7 Plus
174	iPhone 7 Plus
436	iPhone 8 Plus
727	iPhone 6s Plus
436	iPhone 8 Plus
2882	iPhone 7 Plus
2882	iPhone 7
436	iPad Pro (10.5 inch)
174	iPad Pro (10.5 inch)
1863	iPhone X
436	iPhone X
436	iPhone X
266	iPhone X
266	iPad Pro (10.5 inch)
728	iPhone 6s Plus
436	iPhone 6s Plus
436	iPad Pro (10.5 inch)
1863	iPad Air 2
214	iPhone 7 Plus
536	iPhone 7 Plus
436	iPad Air 2
174	iPhone 7
174	iPhone 8
436	iPhone 7 Plus
436	iPhone 8 Plus
436	iPhone 7 Plus
825	iPad Pro (10.5 inch)
436	iPhone 7 Plus
989	iPhone 8 Plus
436	iPad Mini 4
3838	iPhone X
1001	iPhone 7 Plus
436	iPhone 8 Plus
520	iPad Pro (10.5 inch)
654	iPad Air 2
843	iPhone 8 Plus
436	iPhone 7
436	iPhone 7 Plus
727	iPhone 7 Plus
436	iPhone 7 Plus
436	iPhone 7 Plus
436	iPhone 7 Plus
436	iPhone 7 Plus
174	iPhone 7 Plus
436	iPad Pro (9.7 inch)
436	iPad Mini 4
436	iPad Air 2
2217	iPhone 7 Plus
654	iPad Mini 4
436	iPhone 6s
436	iPhone 7 Plus
436	iPhone 7 Plus
436	iPhone 6s Plus
436	iPhone 7
436	iPhone 7 Plus
174	iPhone 7 Plus
436	iPhone 7 Plus
436	iPhone 7 Plus
436	iPhone 7 Plus
571	iPad Air 2
535	iPad Mini 4
436	iPhone 7
174	iPhone 7 Plus
174	iPhone 7
436	iPhone 7
436	iPad Air 2
436	iPad Mini 4
581	iPhone 7
1425	iPhone 7
1424	iPhone 7
654	iPhone 6s
436	iPad Mini 4
436	iPad Air 2
436	iPad Mini 4
436	iPhone 7
174	iPad Mini 4
1425	iPhone X
1425	iPhone X
571	iPad Air 2
571	iPad Air 2
436	iPhone 7 Plus
213	iPad Air 2
581	iPhone 7
654	iPhone X
436	iPhone 8 Plus
436	iPhone X
726	iPhone 7
174	iPhone X
436	iPhone X
988	iPhone 7 Plus
1609	iPhone X
1609	iPhone X
2882	iPad Pro (10.5 inch)
436	iPhone X
436	iPhone X
655	iPad Pro (10.5 inch)
201	iPad Pro (10.5 inch)
520	iPad Pro (10.5 inch)
655	iPhone X
919	iPhone X
728	iPhone 7 Plus
436	iPhone 6s
213	iPad Pro (10.5 inch)
260	iPhone 7
436	iPhone 6s
2883	iPhone 7
260	iPhone 7
582	iPhone 6s
1863	iPad Pro (10.5 inch)
266	iPhone X
638	iPad Pro (10.5 inch)
2613	iPhone X
174	iPhone 7
928	iPhone X
174	iPhone 7 Plus
499	iPad 5
199	iPad 5
174	iPad Pro (10.5 inch)
535	iPhone 8 Plus
638	iPad Pro (10.5 inch)
436	iPad Pro (10.5 inch)
1072	iPhone 8 Plus
2881	iPhone 6s Plus
436	iPhone X
436	iPhone 8 Plus
436	iPhone 7
582	iPhone 7
1862	iPad Pro (12.9 inch)
266	iPhone X
654	iPhone 6s Plus
1045	iPhone X
654	iPhone 6s Plus
873	iPhone X
1862	iPhone 8 Plus
654	iPhone X
727	iPhone 8 Plus
436	iPhone X
654	iPad Mini 4
899	iPhone 8
436	iPhone 7 Plus
654	iPhone X
654	iPhone 7 Plus
436	iPhone 7 Plus
1862	iPhone 8 Plus
873	iPhone 7 Plus
989	iPhone 8 Plus
174	iPhone 7 Plus
1045	iPhone X
638	iPad 5
174	iPad Pro (10.5 inch)
174	iPad Mini 4
174	iPhone 6s
436	iPad Pro (10.5 inch)
1862	iPhone X
582	iPhone X
436	iPhone X
1862	iPad Pro (12.9 inch)
436	iPad Pro (10.5 inch)
174	iPad Mini 4
1426	iPad Air 2
1426	iPad Air 2
1426	iPad Air 2
873	iPhone 7 Plus
526	iPhone 8
654	iPhone 7 Plus
174	iPad Pro (10.5 inch)
1862	iPhone 7 Plus
9431	iPhone 6s Plus
174	iPad Air 2
989	iPhone 8 Plus
1862	iPhone X
2881	iPad Air 2
999	iPad 5
199	iPad 5
174	iPhone 8 Plus
436	iPhone 6s Plus
250	iPhone 7
1862	iPad Air 2
436	iPhone 7 Plus
174	iPad Air 2
582	iPhone X
436	iPad Air 2
174	iPad Air 2
989	iPhone 7
436	iPhone 7
1862	iPhone X
727	iPhone 6s
174	iPhone 6s Plus
727	iPhone X
654	iPhone X
174	iPad Pro (10.5 inch)
174	iPad7,5
9431	iPhone X
487	iPad Pro (9.7 inch)
1976	iPad Air 2
1976	iPad Air 2
436	iPhone 6s Plus
436	iPhone 6s Plus
436	iPhone 7 Plus
266	iPhone 7
638	iPad Air 2
487	iPad Pro (9.7 inch)
1975	iPad Air 2
1975	iPad Air 2
638	iPad Air 2
222	iPhone 8
3360	iPhone 7 Plus
1975	iPad Air 2
1975	iPad Air 2
638	iPad Air 2
989	iPad Pro (9.7 inch)
638	iPad Pro (9.7 inch)
654	iPhone X
174	iPhone 7 Plus
1045	iPad 5
1998	iPhone X
436	iPhone 8
652	iPad Pro (12.9 inch)
654	iPhone 7
174	iPad Pro (10.5 inch)
174	iPhone 7 Plus
989	iPhone 7
436	iPhone 7 Plus
654	iPhone 6s
2216	iPhone 7 Plus
654	iPhone X
989	iPhone X
582	iPad Pro (10.5 inch)
174	iPhone 7
582	iPad Pro (10.5 inch)
989	iPhone 7
174	iPhone 7 Plus
727	iPhone 7
436	iPad Pro (10.5 inch)
1862	iPhone 7 Plus
1426	iPhone X
1426	iPhone X
436	iPhone 7 Plus
436	iPhone 7 Plus
471	iPad 5
1862	iPhone 7
213	iPad Pro (10.5 inch)
999	iPad Air 2
1862	iPhone X
436	iPhone 7 Plus
654	iPhone 6s
436	iPad Pro (10.5 inch)
436	iPhone 7 Plus
174	iPhone 6s Plus
436	iPad Pro (10.5 inch)
174	iPhone 8 Plus
436	iPad Mini 4
174	iPhone 7 Plus
436	iPhone 6s Plus
436	iPhone 8 Plus
436	iPhone X
213	iPad Pro (12.9 inch)
654	iPad Pro (10.5 inch)
638	iPhone X
989	iPhone X
654	iPhone 6s
174	iPhone X
654	iPhone 7
436	iPhone X
174	iPad Mini 4
582	iPad Pro (10.5 inch)
174	iPad Air 2
654	iPhone 8 Plus
1045	iPhone 8 Plus
989	iPhone 8 Plus
174	iPhone 7 Plus
436	iPhone 7
266	iPad Pro (12.9 inch)
436	iPhone 8 Plus
1044	iPhone 8 Plus
1862	iPhone 7
652	iPhone 8 Plus
599	iPad Air 2
2881	iPhone 7
652	iPhone 8 Plus
652	iPhone 8 Plus
654	iPhone 7
989	iPhone 7
174	iPhone 8
638	iPad 5
471	iPad 5
989	iPhone 8 Plus
1862	iPhone X
638	iPad Pro (9.7 inch)
654	iPhone 7
174	iPad Pro (10.5 inch)
699	iPhone X
436	iPhone 7 Plus
638	iPad Pro (12.9 inch)
471	iPad 5
727	iPhone 8 Plus
436	iPhone 7 Plus
436	iPhone 7
174	iPhone 7 Plus
436	iPhone X
436	iPad Pro (10.5 inch)
174	iPad Pro (10.5 inch)
436	iPhone 7
9999	iPhone 6s
2881	iPhone X
2881	iPhone 7
174	iPhone 7 Plus
436	iPhone 7 Plus
654	iPhone X
436	iPhone 7 Plus
1426	iPhone X
174	iPhone 6s Plus
1426	iPhone X
654	iPhone X
174	iPhone X
654	iPhone X
174	iPhone 7 Plus
571	iPhone 8 Plus
652	iPhone 7
536	iPad Air 2
436	iPhone X
536	iPhone X
638	iPad Pro (12.9 inch)
213	iPhone 8 Plus
582	iPad Pro (10.5 inch)
582	iPhone X
266	iPhone 7
9431	iPhone X
989	iPhone 7
436	iPhone 7
654	iPhone X
436	iPad Air 2
1862	iPhone X
174	iPhone 7
727	iPad Pro (10.5 inch)
436	iPhone X
727	iPhone X
727	iPhone 7
654	iPhone 7
436	iPhone 7
436	iPhone 7 Plus
654	iPhone 7 Plus
174	iPhone 7 Plus
638	iPhone 8 Plus
436	iPhone 7
436	iPhone 7
436	iPad Pro (10.5 inch)
436	iPhone X
436	iPad Pro (10.5 inch)
174	iPad Pro (10.5 inch)
436	iPhone X
174	iPad Pro (10.5 inch)
266	iPhone X
436	iPhone 7 Plus
436	iPad Pro (10.5 inch)
436	iPhone X
436	iPhone X
174	iPhone X
727	iPad Pro (10.5 inch)
260	iPhone X
174	iPad Mini 4
436	iPad Pro (10.5 inch)
654	iPad Mini 4
174	iPad Pro (10.5 inch)
436	iPhone 7
436	iPhone X
436	iPad Pro (10.5 inch)
638	iPad Pro (12.9 inch)
727	iPhone 6s Plus
436	iPad Pro (10.5 inch)
436	iPad Pro (10.5 inch)
436	iPhone 7
727	iPhone X
436	iPhone 7
436	iPhone 7
436	iPad Pro (12.9 inch)
436	iPhone 7
436	iPad Pro (10.5 inch)
3836	iPhone X
436	iPhone X
194	iPhone 7 Plus
436	iPhone 7
436	iPhone 8 Plus
638	iPad Pro (12.9 inch)
436	iPhone 7
174	iPhone 7
638	iPad Pro (12.9 inch)
638	iPhone X
436	iPad Air 2
436	iPhone 7
266	iPad Pro (12.9 inch)
638	iPhone X
436	iPhone 7
174	iPad Mini 4
9431	iPhone X
266	iPhone X
1426	iPhone X
1426	iPhone X
1426	iPhone X
174	iPhone 7
638	iPhone X
1426	iPhone X
1426	iPhone X
266	iPad Air 2
436	iPad Pro (12.9 inch)
929	iPhone X
582	iPad Pro (10.5 inch)
638	iPhone X
654	iPhone 7
1426	iPhone 7
1426	iPhone 7
654	iPhone 7
1045	iPhone X
557	iPad 5
436	iPad Pro (9.7 inch)
899	iPad Pro (12.9 inch)
436	iPhone 8 Plus
536	iPhone X
536	iPhone X
3066	iPhone X
436	iPhone 7
436	iPhone X
174	iPhone X
436	iPhone 6s Plus
174	iPad Pro (12.9 inch)
436	iPhone 7 Plus
436	iPhone X
1862	iPhone 7
436	iPhone 6s
436	iPhone 7
174	iPhone 7 Plus
436	iPhone 7
174	iPhone 6s
436	iPhone 7
436	iPhone X
654	iPhone 7 Plus
1426	iPhone 7 Plus
1426	iPhone 7 Plus
174	iPad Pro (9.7 inch)
436	iPhone X
654	iPhone X
638	iPad Pro (12.9 inch)
174	iPhone X
582	iPhone 7 Plus
582	iPhone 7 Plus
174	iPhone 7 Plus
654	iPhone X
1426	iPhone 7 Plus
1426	iPhone X
1426	iPhone X
638	iPad Pro (12.9 inch)
436	iPhone 8 Plus
436	iPhone 8 Plus
2881	iPhone 7 Plus
436	iPhone 8 Plus
436	iPad Mini 4
727	iPhone X
436	iPhone 8 Plus
1862	iPhone X
436	iPhone X
436	iPhone 7 Plus
436	iPhone X
2881	iPhone X
873	iPhone 6s
582	iPhone X
1862	iPhone 7
1862	iPhone X
174	iPhone X
582	iPhone 7
654	iPhone X
1426	iPhone 7
1426	iPhone 7
1426	iPhone 7
1426	iPhone 7
1426	iPhone 7
1426	iPhone 7
1426	iPhone 8
1426	iPhone 8
1426	iPhone 7
436	iPhone 7 Plus
1426	iPhone 7
873	iPhone 7 Plus
436	iPhone 7 Plus
436	iPhone 7
174	iPad Pro (12.9 inch)
699	iPad Air 2
582	iPhone 7
214	iPhone 6s Plus
873	iPhone 8 Plus
928	iPad Air 2
638	iPhone 8 Plus
638	iPad Air 2
266	iPhone 7 Plus
436	iPhone 8
213	iPad Pro (10.5 inch)
9432	iPhone 8 Plus
174	iPad Mini 4
174	iPhone 7 Plus
174	iPhone 8
436	iPad Air 2
174	iPhone 8
727	iPhone 7
655	iPad Pro (10.5 inch)
436	iPad Pro (10.5 inch)
436	iPad Pro (10.5 inch)
487	iPhone 7
582	iPhone X
436	iPhone 7 Plus
1427	iPhone X
1426	iPhone X
436	iPhone 6s
1863	iPhone X
267	iPhone 8 Plus
174	iPhone X
174	iPhone 7 Plus
783	iPad Pro (12.9 inch)
437	iPhone 6s Plus
437	iPad Pro (10.5 inch)
1998	iPad Pro (12.9 inch)
728	iPad Pro (10.5 inch)
437	iPad Pro (10.5 inch)
437	iPad Pro (10.5 inch)
437	iPhone X
640	iPad 5
437	iPhone 8 Plus
194	iPad Air 2
437	iPad Pro (10.5 inch)
729	iPad Pro (10.5 inch)
656	iPad Pro (10.5 inch)
1866	iPad Pro (10.5 inch)
175	iPhone 7
437	iPad Pro (10.5 inch)
437	iPhone 7
1282	iPhone X
640	iPad Air 2
437	iPhone X
640	iPad Pro (10.5 inch)
992	iPhone 8 Plus
999	iPad 5
656	iPhone X
2889	iPhone 7
992	iPhone 7
642	iPad Pro (10.5 inch)
437	iPhone 8
437	iPhone 8 Plus
437	iPhone 7
656	iPhone 6s
2889	iPhone 7 Plus
536	iPhone X
642	iPhone 7 Plus
437	iPhone 6s
656	iPhone 7
437	iPhone 7
642	iPhone X
437	iPhone 8 Plus
1868	iPhone 8 Plus
175	iPhone 8 Plus
656	iPhone 7 Plus
437	iPhone 6s Plus
437	iPhone X
437	iPhone 7 Plus
437	iPhone 7 Plus
437	iPhone 7 Plus
438	iPhone X
642	iPhone X
643	iPhone X
643	iPhone X
642	iPhone X
175	iPad Pro (10.5 inch)
656	iPhone 7
729	iPhone 6s
437	iPhone 6s
175	iPhone 7
437	iPhone X
656	iPhone X
642	iPhone X
642	iPhone X
267	iPhone X
642	iPhone 7
175	iPhone 8 Plus
437	iPhone 7
992	iPhone 7
437	iPhone X
536	iPhone X
536	iPhone X
175	iPad Pro (12.9 inch)
437	iPad Mini 4
991	iPhone 7 Plus
656	iPhone 7
175	iPhone 7 Plus
641	iPad 5
175	iPhone 7 Plus
656	iPhone X
437	iPhone 7
438	iPhone 6s
437	iPad Mini 4
1078	iPhone 7 Plus
267	iPhone 7
437	iPhone X
438	iPhone 7 Plus
175	iPhone 7
584	iPad Pro (10.5 inch)
438	iPhone 7
438	iPhone 7
657	iPad Pro (12.9 inch)
175	iPhone 7 Plus
438	iPhone 7
657	iPhone X
438	iPhone 7
876	iPhone X
883	iPhone 8 Plus
438	iPhone 7 Plus
438	iPhone 7 Plus
1869	iPhone X
175	iPhone 7 Plus
175	iPhone X
799	iPhone 7 Plus
584	iPhone 7
537	iPad Pro (12.9 inch)
657	iPhone 8 Plus
438	iPhone X
933	iPhone 7 Plus
438	iPhone 8 Plus
438	iPhone X
438	iPhone X
175	iPad Pro (10.5 inch)
175	iPhone 7
438	iPhone X
175	iPhone X
438	iPhone X
438	iPhone X
2893	iPhone 8 Plus
438	iPhone 7 Plus
215	iPhone X
438	iPad Pro (9.7 inch)
438	iPhone X
4793	iPhone X
175	iPhone X
657	iPhone 6s Plus
438	iPhone 6s
175	iPhone 8 Plus
641	iPad Pro (9.7 inch)
438	iPad Air 2
9461	iPhone X
657	iPad Pro (12.9 inch)
654	iPhone X
1868	iPhone 7
584	iPhone 7 Plus
437	iPhone 6s Plus
1868	iPhone 7
876	iPad Air 2
992	iPad Air 2
584	iPad Air 2
993	iPad Air 2
993	iPhone 7 Plus
9999	iPhone 6s
876	iPhone X
1870	iPhone 8 Plus
657	iPhone 8 Plus
537	iPhone 8 Plus
1870	iPhone 7 Plus
1433	iPhone X
1433	iPhone X
932	iPhone 7 Plus
699	iPhone 7 Plus
1871	iPhone X
438	iPhone 7 Plus
439	iPad Air 2
1434	iPhone X
1434	iPhone X
1434	iPhone X
1434	iPhone X
2898	iPhone X
1435	iPhone X
1434	iPhone X
439	iPhone 6s
439	iPhone 7 Plus
214	iPhone 8 Plus
175	iPad Pro (12.9 inch)
439	iPhone 6s Plus
1869	iPhone 7
438	iPhone 7 Plus
266	iPhone X
730	iPhone 6s
769	iPhone X
438	iPhone 7 Plus
876	iPhone 6s
175	iPhone 7 Plus
657	iPhone 6s
438	iPad Air 2
438	iPhone 7
1869	iPhone X
438	iPhone 6s
438	iPhone 7 Plus
175	iPhone 6s
438	iPhone X
175	iPhone X
730	iPhone 6s
175	iPhone X
993	iPhone 6s
730	iPhone 6s
730	iPhone X
194	iPhone 7 Plus
471	iPhone 7 Plus
657	iPhone 8 Plus
730	iPad Mini 4
730	iPhone X
175	iPhone 8 Plus
175	iPhone 7 Plus
438	iPhone 6s
573	iPhone X
992	iPhone 7 Plus
730	iPhone X
657	iPhone X
992	iPhone 6s
992	iPhone 6s
438	iPhone X
438	iPhone 7 Plus
657	iPhone X
876	iPhone 6s
992	iPhone X
2891	iPhone X
1869	iPhone 6s
175	iPhone 6s
438	iPhone 7
9462	iPhone 8 Plus
574	iPhone 7 Plus
438	iPhone 7 Plus
438	iPhone X
438	iPhone X
175	iPhone 7 Plus
175	iPhone X
438	iPhone 7 Plus
214	iPad Air 2
438	iPhone 7 Plus
573	iPad Air 2
438	iPhone 6s
438	iPhone 6s
438	iPhone 7
438	iPhone 6s
699	iPhone 7 Plus
699	iPhone 7 Plus
438	iPhone 8 Plus
699	iPhone 7 Plus
438	iPhone 6s
438	iPhone 8 Plus
438	iPhone X
637	iPhone 7 Plus
175	iPhone 6s
438	iPhone 8 Plus
438	iPhone 8 Plus
438	iPhone 8 Plus
175	iPhone 8 Plus
438	iPhone X
175	iPhone 8 Plus
438	iPhone X
638	iPhone 7 Plus
266	iPad Air 2
175	iPhone X
437	iPhone X
584	iPad Pro (12.9 inch)
584	iPad Pro (12.9 inch)
730	iPhone 8 Plus
437	iPhone 6s Plus
657	iPhone 8 Plus
266	iPhone X
438	iPhone 8 Plus
657	iPhone 6s
657	iPhone 6s
175	iPhone 6s Plus
730	iPhone 7 Plus
637	iPhone X
1044	iPhone X
438	iPhone 8 Plus
438	iPhone 8 Plus
637	iPhone X
259	iPad Pro (12.9 inch)
9999	iPhone 6s
175	iPhone 7
175	iPhone 7 Plus
9999	iPhone 6s
438	iPhone 8 Plus
993	iPhone 7
438	iPhone 7
876	iPhone 6s
657	iPhone 7 Plus
438	iPhone 7
657	iPhone 7
175	iPhone 7
175	iPad Pro (10.5 inch)
9999	iPhone 6s
438	iPhone 7
584	iPhone 7
657	iPhone 7
2891	iPhone 6s
584	iPhone 7
584	iPhone 7
1431	iPhone 6s
657	iPhone 7
993	iPhone X
584	iPhone 7 Plus
657	iPhone 7 Plus
657	iPhone 8 Plus
1431	iPhone 6s
1431	iPhone 6s
657	iPad Mini 4
657	iPhone 7
1431	iPhone 6s
876	iPhone 7
438	iPhone 8 Plus
438	iPhone 8 Plus
472	iPhone 7 Plus
657	iPhone 7 Plus
584	iPhone 8 Plus
438	iPhone 6s
657	iPhone X
657	iPhone X
175	iPhone 6s
438	iPhone X
175	iPhone 6s Plus
1431	iPhone X
1431	iPhone X
438	iPhone 6s Plus
657	iPhone 7 Plus
876	iPhone X
657	iPhone 7 Plus
584	iPhone 7 Plus
657	iPhone 7 Plus
438	iPhone 7
437	iPhone 7 Plus
438	iPad Mini 4
537	iPhone X
437	iPhone 7 Plus
583	iPad Mini 4
656	iPad Mini 4
174	iPhone 6s Plus
174	iPhone 7 Plus
174	iPhone X
437	iPhone 7 Plus
655	iPhone 7
2999	iPhone 7 Plus
1428	iPhone 6s
437	iPhone 7 Plus
899	iPad Air 2
1865	iPad7,5
874	iPhone 6s
437	iPhone 7 Plus
174	iPhone 7 Plus
437	iPhone 7 Plus
583	iPhone X
1428	iPhone 6s
899	iPad Air 2
999	iPad Air 2
582	iPhone 6s Plus
583	iPhone 6s Plus
655	iPhone X
655	iPhone X
799	iPad Air 2
1428	iPhone X
1427	iPhone X
437	iPhone 6s Plus
655	iPhone 7
655	iPhone 7
655	iPhone 7
583	iPad Pro (9.7 inch)
655	iPhone X
699	iPad Air 2
583	iPhone 8 Plus
582	iPhone 8 Plus
655	iPhone 8 Plus
655	iPhone 8 Plus
437	iPhone X
437	iPhone 8 Plus
912	iPad Pro (12.9 inch)
599	iPhone 7 Plus
699	iPhone 7 Plus
437	iPad Pro (10.5 inch)
1865	iPad Pro (10.5 inch)
599	iPad Air 2
699	iPad Air 2
699	iPad Air 2
699	iPad Air 2
599	iPad Air 2
874	iPad Pro (10.5 inch)
538	iPhone X
1428	iPhone 7
1428	iPhone 7
655	iPhone 7
929	iPhone X
266	iPhone 7 Plus
638	iPhone 7 Plus
437	iPhone 7 Plus
638	iPad Air 2
638	iPhone X
638	iPad Air 2
1866	iPad Pro (10.5 inch)
583	iPad Pro (10.5 inch)
437	iPad Pro (10.5 inch)
436	iPad Pro (10.5 inch)
583	iPad Pro (10.5 inch)
436	iPhone 8 Plus
174	iPhone 8 Plus
654	iPad Pro (10.5 inch)
655	iPad Pro (10.5 inch)
582	iPhone X
1428	iPhone X
1428	iPhone X
655	iPhone X
655	iPhone X
1426	iPhone X
1426	iPhone X
582	iPhone X
655	iPhone X
699	iPad 5
437	iPhone X
699	iPad Air 2
991	iPhone 7 Plus
728	iPhone 7 Plus
583	iPhone 8 Plus
656	iPhone 8 Plus
583	iPhone 8 Plus
728	iPhone X
585	iPad Pro (12.9 inch)
487	iPad Pro (12.9 inch)
488	iPad Pro (12.9 inch)
583	iPad Pro (10.5 inch)
655	iPad Pro (10.5 inch)
2883	iPhone X
728	iPad7,5
655	iPad7,5
655	iPhone X
655	iPhone 7
655	iPhone 7
655	iPhone X
665	iPhone 7
655	iPhone 7 Plus
582	iPad Pro (12.9 inch)
655	iPad Pro (12.9 inch)
655	iPhone 6s
436	iPhone X
582	iPhone 8 Plus
174	iPhone 7
436	iPhone 8 Plus
265	iPad Pro (9.7 inch)
535	iPhone X
436	iPhone 7 Plus
727	iPhone X
436	iPad Mini 4
213	iPhone X
582	iPhone X
655	iPhone 7 Plus
655	iPhone 6s
655	iPad Pro (12.9 inch)
655	iPad Pro (12.9 inch)
655	iPad7,5
655	iPad Air 2
582	iPad Air 2
990	iPhone 7 Plus
436	iPhone 8
655	iPhone X
655	iPhone X
582	iPhone 7 Plus
990	iPhone X
582	iPad Pro (10.5 inch)
582	iPhone 7
582	iPad Pro (10.5 inch)
655	iPad Pro (10.5 inch)
436	iPhone X
436	iPhone X
727	iPhone 6s Plus
655	iPhone X
655	iPhone X
582	iPhone X
436	iPhone X
436	iPhone X
635	iPhone 7 Plus
174	iPhone X
265	iPhone 7 Plus
436	iPhone X
174	iPhone 7
436	iPhone 8 Plus
436	iPhone 8 Plus
436	iPhone X
1864	iPhone 7 Plus
636	iPhone X
436	iPhone 6s Plus
265	iPhone X
1864	iPhone X
436	iPhone 6s
1863	iPhone X
873	iPhone 7 Plus
728	iPad7,5
1426	iPad7,5
436	iPhone X
436	iPhone X
436	iPhone X
436	iPhone X
436	iPhone X
174	iPhone 6s
436	iPhone X
436	iPhone X
436	iPhone X
174	iPhone X
436	iPhone X
436	iPhone 7 Plus
436	iPhone X
174	iPhone X
436	iPhone X
436	iPhone X
436	iPhone X
436	iPhone X
174	iPhone X
436	iPhone 7
174	iPhone X
436	iPhone X
582	iPhone X
436	iPad Pro (10.5 inch)
436	iPhone 8 Plus
436	iPhone 7 Plus
174	iPad Pro (10.5 inch)
436	iPhone 6s
436	iPhone 8 Plus
436	iPhone 8 Plus
174	iPhone 8 Plus
436	iPhone X
436	iPhone X
436	iPhone X
436	iPhone X
436	iPhone 6s
174	iPhone 7
989	iPhone 6s
436	iPhone X
436	iPhone 8
174	iPhone X
436	iPhone 7 Plus
989	iPhone X
436	iPhone 8
436	iPhone 8
174	iPhone 7
436	iPhone 6s
436	iPhone 7
174	iPhone X
436	iPhone X
174	iPhone 6s
436	iPhone X
436	iPhone X
436	iPhone 6s
436	iPhone 6s Plus
1862	iPhone X
436	iPhone X
436	iPhone X
174	iPhone X
436	iPhone X
582	iPhone X
582	iPhone 8 Plus
436	iPhone 7 Plus
1862	iPhone X
1862	iPhone 8
1862	iPhone 8 Plus
1862	iPad Mini 4
436	iPhone 6s Plus
436	iPad Mini 4
436	iPhone 7
174	iPhone 7 Plus
174	iPhone 6s Plus
2153	iPad7,5
174	iPhone 6s
174	iPhone 7
1862	iPhone 8 Plus
2881	iPad Mini 4
436	iPhone 7 Plus
174	iPhone 8 Plus
582	iPhone 8 Plus
174	iPhone 7 Plus
436	iPhone 8 Plus
436	iPhone 8 Plus
727	iPhone X
436	iPhone X
1998	iPhone X
435	iPhone X
174	iPhone 6s
174	iPhone X
436	iPhone X
435	iPhone 6s Plus
872	iPhone 8 Plus
727	iPhone 7 Plus
2371	iPhone 7 Plus
989	iPhone 7 Plus
436	iPad Pro (12.9 inch)
436	iPhone 7 Plus
436	iPhone 7 Plus
174	iPhone 8
2880	iPad Mini 4
1861	iPhone X
436	iPhone 7 Plus
436	iPad Pro (12.9 inch)
1425	iPhone X
9999	iPhone 6s
9999	iPhone 6s
1425	iPhone X
1861	iPhone X
989	iPhone 8 Plus
436	iPhone 6s Plus
2882	iPhone 7 Plus
436	iPhone 6s
436	iPhone 8 Plus
436	iPhone 6s Plus
728	iPhone 6s
436	iPhone 6s
174	iPhone 6s Plus
1863	iPhone X
436	iPhone 6s
727	iPhone X
990	iPhone 7 Plus
174	iPhone 6s
174	iPhone 6s
582	iPad Pro (10.5 inch)
873	iPhone X
437	iPhone 6s Plus
437	iPad Mini 4
437	iPad Mini 4
582	iPad Pro (12.9 inch)
437	iPhone X
437	iPad Mini 4
437	iPhone 6s
437	iPad Mini 4
437	iPhone X
436	iPhone X
174	iPhone X
436	iPhone X
728	iPhone 8
436	iPad Air 2
436	iPhone 6s
436	iPhone 6s
1864	iPhone 7 Plus
1864	iPad Mini 4
582	iPad Mini 4
1425	iPad Mini 4
1427	iPad Mini 4
436	iPad Mini 4
436	iPhone 7 Plus
174	iPad Mini 4
437	iPhone 7 Plus
1429	iPhone 8 Plus
1429	iPhone 8 Plus
656	iPhone 6s Plus
991	iPhone 6s Plus
1866	iPhone 8 Plus
437	iPhone 6s Plus
499	iPhone 7 Plus
175	iPhone 8 Plus
499	iPad 5
729	iPhone 7 Plus
729	iPhone 8
875	iPhone 6s Plus
437	iPhone X
437	iPhone 7 Plus
729	iPhone X
1429	iPhone X
175	iPhone 7 Plus
1998	iPad Pro (12.9 inch)
437	iPhone X
437	iPhone X
437	iPhone 8
437	iPhone 8 Plus
991	iPhone X
437	iPhone 6s Plus
175	iPhone X
991	iPhone X
175	iPhone 8 Plus
437	iPhone 8
437	iPhone 8
437	iPhone 8 Plus
175	iPhone 8
2158	iPhone X
175	iPhone 7 Plus
437	iPhone 7 Plus
991	iPhone 7
583	iPad Pro (10.5 inch)
175	iPad Mini 4
437	iPhone 7 Plus
437	iPhone X
656	iPad Mini 4
437	iPad Pro (12.9 inch)
437	iPhone 8 Plus
437	iPhone 7 Plus
174	iPhone 7 Plus
9439	iPhone 8 Plus
2156	iPhone 8
4779	iPhone 7 Plus
874	iPhone X
174	iPad7,5
599	iPhone 7 Plus
437	iPhone 8 Plus
437	iPhone X
437	iPhone X
437	iPhone X
174	iPhone X
2887	iPhone 8 Plus
874	iPhone 8 Plus
9449	iPhone 8 Plus
174	iPhone 8 Plus
2883	iPad Mini 4
728	iPad Pro (10.5 inch)
436	iPad Pro (10.5 inch)
174	iPhone 7
436	iPhone 7 Plus
436	iPad Pro (10.5 inch)
174	iPhone 8
174	iPad Pro (10.5 inch)
655	iPhone X
1426	iPhone X
436	iPhone 8 Plus
437	iPhone X
174	iPhone 7
437	iPhone X
174	iPad Mini 4
655	iPad Pro (12.9 inch)
1865	iPad Pro (12.9 inch)
437	iPhone X
990	iPhone X
437	iPhone 6s Plus
437	iPhone 7
438	iPhone 7 Plus
499	iPhone 7
175	iPhone 7
175	iPad Air 2
876	iPad7,5
175	iPhone 8 Plus
175	iPad Mini 4
1434	iPad Pro (10.5 inch)
995	iPhone X
9999	iPhone 6s
1434	iPhone 8 Plus
1434	iPhone 8 Plus
1434	iPhone 8 Plus
585	iPhone 7
1873	iPhone X
439	iPhone X
175	iPhone 8 Plus
439	iPad Mini 4
439	iPhone X
175	iPhone 7
175	iPhone 7 Plus
438	iPhone 7 Plus
438	iPhone 6s Plus
730	iPhone 8 Plus
175	iPhone 7
993	iPhone 7
438	iPhone 7
657	iPhone 7 Plus
1998	iPad Pro (12.9 inch)
175	iPhone 7 Plus
175	iPhone X
438	iPad Mini 4
1870	iPhone 8 Plus
199	iPad Air 2
438	iPhone 7 Plus
993	iPhone X
438	iPad Mini 4
584	iPad Pro (10.5 inch)
175	iPhone 6s
438	iPhone 7 Plus
438	iPhone X
438	iPhone 7 Plus
438	iPad Air 2
584	iPad Air 2
876	iPhone 7 Plus
730	iPhone X
438	iPhone 7 Plus
438	iPhone 7 Plus
4792	iPad Pro (10.5 inch)
9468	iPhone 7 Plus
175	iPad Mini 4
438	iPhone 6s
438	iPhone 7
438	iPhone 7 Plus
175	iPhone 7
876	iPhone X
2141	iPhone X
876	iPhone 8 Plus
1432	iPhone 8 Plus
1870	iPhone X
438	iPhone 7 Plus
438	iPhone 7 Plus
438	iPhone 7
175	iPhone 7 Plus
730	iPhone 7 Plus
438	iPhone 7 Plus
175	iPhone 7 Plus
2893	iPhone 8 Plus
993	iPhone 7
438	iPhone 7 Plus
438	iPhone 7 Plus
438	iPhone 6s Plus
876	iPhone 8 Plus
1870	iPhone 8 Plus
1870	iPad Air 2
876	iPad Air 2
1432	iPad Air 2
899	iPad Pro (12.9 inch)
438	iPhone X
438	iPhone 7 Plus
993	iPhone 6s Plus
438	iPhone 8 Plus
584	iPhone 7 Plus
993	iPhone 7 Plus
730	iPhone 8 Plus
175	iPhone 8 Plus
175	iPhone 6s Plus
499	iPad Pro (9.7 inch)
993	iPhone 7
438	iPhone 8 Plus
175	iPhone 8 Plus
190	iPad 5
4792	iPhone 7
876	iPad Pro (10.5 inch)
993	iPhone 8 Plus
438	iPhone 6s Plus
876	iPad Pro (10.5 inch)
9468	iPhone 8 Plus
438	iPad Pro (10.5 inch)
175	iPhone 8
993	iPhone 8 Plus
2893	iPhone 8 Plus
438	iPhone 7 Plus
438	iPhone 6s
438	iPhone 6s
438	iPhone 7 Plus
876	iPhone X
438	iPhone X
175	iPhone 6s
438	iPhone 7 Plus
438	iPhone 6s
1431	iPhone X
438	iPad Mini 4
4792	iPhone X
438	iPhone 6s
1998	iPad Air 2
438	iPhone 8
438	iPhone 6s
175	iPad Pro (9.7 inch)
438	iPhone 6s Plus
438	iPhone X
175	iPad Air 2
9999	iPhone 7 Plus
438	iPad Air 2
9468	iPhone 7 Plus
175	iPhone 7
993	iPhone 6s Plus
438	iPhone X
438	iPhone 7 Plus
438	iPhone 7 Plus
438	iPhone 7
1431	iPhone 8 Plus
175	iPad Mini 4
730	iPhone 8 Plus
1870	iPhone X
175	iPad Pro (12.9 inch)
438	iPhone 8
438	iPhone X
1998	iPad Pro (12.9 inch)
993	iPhone 7 Plus
1870	iPad Mini 4
993	iPhone 7
2162	iPhone 6s
2162	iPhone 6s
1431	iPhone 6s Plus
438	iPhone 7 Plus
438	iPad Air 2
175	iPad Pro (12.9 inch)
438	iPhone X
993	iPhone 7 Plus
175	iPad Air 2
438	iPad Air 2
993	iPhone X
9999	iPhone 6s
993	iPhone 6s Plus
9999	iPhone 6s
1870	iPad Pro (10.5 inch)
1870	iPhone 8 Plus
730	iPhone X
876	iPhone X
438	iPad Pro (12.9 inch)
993	iPhone 7 Plus
993	iPhone 7
657	iPad7,5
993	iPhone X
438	iPhone 7 Plus
438	iPhone 6s
438	iPhone 7
1870	iPad7,5
584	iPad Pro (10.5 inch)
438	iPhone 7 Plus
1869	iPad Pro (10.5 inch)
175	iPad Pro (10.5 inch)
437	iPad Mini 4
437	iPad Mini 4
175	iPad Mini 4
875	iPhone 7
583	iPhone X
1430	iPhone X
175	iPhone 6s
875	iPhone 6s
437	iPad Mini 4
175	iPhone 7
645	iPad Mini 4
4788	iPhone 7
2160	iPad 5
876	iPad Mini 4
993	iPad Mini 4
876	iPhone 6s
438	iPhone 8 Plus
876	iPad Pro (12.9 inch)
584	iPhone 6s Plus
1870	iPhone 7 Plus
584	iPhone 6s
438	iPhone 6s
730	iPhone 8 Plus
1431	iPhone 6s Plus
9999	iPhone 6s
438	iPhone 7
438	iPhone 6s Plus
1432	iPhone 8
657	iPad Pro (9.7 inch)
438	iPhone X
1870	iPhone X
438	iPad Air 2
438	iPhone 8 Plus
1431	iPhone 6s Plus
438	iPhone X
438	iPhone 7 Plus
438	iPhone 8 Plus
438	iPhone 7 Plus
175	iPhone 8 Plus
438	iPhone 8 Plus
175	iPhone X
175	iPhone 8 Plus
175	iPhone X
438	iPhone X
876	iPhone 7 Plus
993	iPad Pro (9.7 inch)
993	iPhone 8 Plus
438	iPhone 6s
175	iPhone 6s
993	iPhone X
438	iPad Pro (10.5 inch)
175	iPad Pro (9.7 inch)
2382	iPhone X
438	iPhone 7 Plus
1432	iPhone X
658	iPad Mini 4
899	iPad Pro (12.9 inch)
438	iPhone 7 Plus
438	iPhone X
438	iPhone 6s
658	iPhone 7 Plus
438	iPhone 7 Plus
877	iPad Pro (10.5 inch)
1433	iPad Pro (10.5 inch)
175	iPhone 6s Plus
877	iPhone X
1433	iPhone X
731	iPhone X
1871	iPhone X
4797	iPhone 7
2895	iPhone X
438	iPhone X
731	iPhone X
438	iPhone X
438	iPhone 8 Plus
175	iPhone 8 Plus
438	iPhone 7 Plus
438	iPhone 6s Plus
438	iPhone 7 Plus
1432	iPad7,5
438	iPhone X
438	iPad Air 2
994	iPhone 6s Plus
438	iPad7,5
877	iPhone X
731	iPhone X
1433	iPhone X
585	iPhone X
1433	iPhone X
1872	iPhone 7 Plus
439	iPhone 7 Plus
199	iPhone 7 Plus
438	iPhone 7 Plus
994	iPhone 7 Plus
1433	iPhone X
599	iPad Air 2
438	iPhone 6s Plus
995	iPhone 7 Plus
438	iPhone X
9479	iPhone 8 Plus
731	iPhone 6s Plus
438	iPhone 7 Plus
175	iPhone 7 Plus
438	iPhone 6s Plus
4799	iPhone 7
438	iPhone X
731	iPhone 8 Plus
995	iPhone 6s
438	iPad Air 2
438	iPhone 7 Plus
175	iPhone 7 Plus
1435	iPad Pro (12.9 inch)
1435	iPad Pro (12.9 inch)
659	iPad Pro (12.9 inch)
2900	iPhone 7 Plus
439	iPhone X
439	iPad Pro (9.7 inch)
439	iPad Pro (10.5 inch)
2166	iPad Pro (12.9 inch)
175	iPhone 6s
658	iPhone X
995	iPhone X
999	iPad 5
878	iPhone 7
1435	iPhone 8 Plus
1434	iPhone X
2166	iPhone 7 Plus
1873	iPad7,5
995	iPhone X
439	iPhone 7 Plus
439	iPhone 7 Plus
9480	iPhone 8 Plus
1433	iPhone 7 Plus
1433	iPhone 7 Plus
1434	iPhone 7 Plus
2499	iPhone 7 Plus
995	iPhone 6s Plus
438	iPhone 6s Plus
1433	iPhone X
1433	iPhone 8 Plus
438	iPhone 6s Plus
731	iPhone X
731	iPhone 6s
438	iPhone X
438	iPhone X
438	iPhone X
438	iPhone X
2895	iPhone X
438	iPhone X
175	iPhone X
1433	iPhone X
877	iPad Mini 4
1433	iPad Mini 4
438	iPhone 6s Plus
175	iPhone 8 Plus
584	iPad Pro (10.5 inch)
1433	iPhone 7
9999	iPhone 6s
175	iPhone 8 Plus
1433	iPhone X
438	iPhone X
731	iPhone 8 Plus
9999	iPhone X
438	iPad Mini 4
1433	iPad Mini 4
1433	iPad Mini 4
438	iPhone 6s Plus
584	iPad Mini 4
731	iPad Mini 4
1433	iPad Mini 4
1433	iPad Mini 4
1433	iPad Mini 4
438	iPhone 6s Plus
1499	iPad 5
438	iPhone 6s Plus
1433	iPhone 8 Plus
995	iPhone 8 Plus
2897	iPad Mini 4
731	iPhone 6s Plus
1434	iPad7,5
439	iPhone 7 Plus
658	iPad Pro (10.5 inch)
1434	iPad Pro (10.5 inch)
1434	iPad Pro (10.5 inch)
1434	iPhone X
2386	iPhone X
439	iPhone 7
2899	iPhone 7 Plus
995	iPhone 7 Plus
175	iPad7,5
439	iPad7,5
995	iPhone X
175	iPad Pro (12.9 inch)
1434	iPad Pro (12.9 inch)
1434	iPhone X
1434	iPhone 6s
878	iPad Pro (10.5 inch)
175	iPhone 7
1435	iPhone 7
9488	iPhone 7
995	iPhone 8 Plus
439	iPhone 7 Plus
175	iPhone 7
439	iPhone 6s Plus
2896	iPhone 6s
995	iPhone 7
439	iPhone 8 Plus
439	iPhone 6s Plus
175	iPhone 6s Plus
1872	iPhone X
4802	iPhone 7
2387	iPhone 7 Plus
878	iPhone X
439	iPhone 8 Plus
2899	iPad7,5
175	iPhone 7
658	iPad7,5
439	iPhone 6s Plus
995	iPad Pro (10.5 inch)
585	iPhone 8 Plus
439	iPad Pro (10.5 inch)
995	iPad Pro (9.7 inch)
439	iPhone X
1873	iPhone 7
731	iPhone X
2166	iPhone X
2499	iPad Air 2
439	iPhone 7
439	iPhone 7 Plus
658	iPad Air 2
1434	iPad Air 2
438	iPhone X
175	iPhone 6s Plus
994	iPhone 7 Plus
994	iPhone 7 Plus
175	iPhone 7
438	iPhone X
438	iPhone X
438	iPhone 6s
438	iPad Air 2
699	iPhone 7 Plus
438	iPhone 6s
175	iPhone 6s
438	iPhone 8 Plus
438	iPhone 8 Plus
175	iPhone 7
731	iPhone X
994	iPhone 7
175	iPhone 7
877	iPad Air 2
994	iPad Air 2
2383	iPhone 7 Plus
994	iPhone X
877	iPhone 8 Plus
438	iPad Air 2
1432	iPad Air 2
4797	iPhone X
2383	iPhone X
438	iPhone 7 Plus
2386	iPhone 6s Plus
1871	iPhone 6s Plus
878	iPhone 7
1873	iPhone X
175	iPhone 8 Plus
175	iPhone 8 Plus
439	iPhone 7
9999	iPhone 6s
2386	iPhone 6s Plus
2385	iPhone 7 Plus
2382	iPhone 6s
2382	iPhone 6s
2162	iPhone 6s
1870	iPhone 6s
9999	iPhone 6s
438	iPhone 6s Plus
438	iPhone 7
1870	iPhone X
2893	iPhone 8 Plus
2382	iPhone 7
1870	iPhone X
993	iPhone 6s
438	iPhone 6s Plus
2382	iPhone X
9471	iPhone 7 Plus
730	iPhone X
730	iPhone 8 Plus
438	iPhone 7 Plus
584	iPhone X
769	iPad Pro (12.9 inch)
993	iPhone 8 Plus
876	iPad Pro (10.5 inch)
1870	iPad Pro (10.5 inch)
730	iPad7,5
499	iPad 5
729	iPhone 8 Plus
2893	iPhone 7
175	iPhone 8 Plus
1870	iPhone 7
799	iPad Air 2
438	iPhone 7 Plus
730	iPhone 6s Plus
1870	iPhone 8 Plus
657	iPhone 7
438	iPhone 6s Plus
9466	iPhone 7
657	iPad Mini 4
438	iPhone 7
993	iPhone 7
993	iPad Pro (12.9 inch)
175	iPhone 7
9466	iPhone 7
1998	iPad Air 2
2894	iPhone 7 Plus
175	iPhone 7 Plus
438	iPad Air 2
877	iPad Pro (12.9 inch)
175	iPhone 8 Plus
438	iPhone X
438	iPad Mini 4
175	iPad Mini 4
175	iPad Air 2
438	iPhone X
175	iPad Pro (10.5 inch)
438	iPhone 8 Plus
658	iPhone X
175	iPhone 7 Plus
439	iPhone 6s Plus
2385	iPhone X
439	iPhone 7
439	iPhone 6s Plus
439	iPhone 7
175	iPhone 8 Plus
175	iPhone 7
439	iPhone 6s Plus
439	iPhone 6s Plus
439	iPhone 7 Plus
175	iPhone 7 Plus
732	iPhone 7
439	iPhone 7 Plus
439	iPhone X
439	iPhone 6s Plus
439	iPhone 6s Plus
733	iPhone 8
175	iPad7,5
439	iPhone 8
439	iPhone 7 Plus
439	iPhone 8
439	iPhone 8
9496	iPhone 8 Plus
1875	iPad Pro (10.5 inch)
439	iPhone 7 Plus
439	iPhone 6s Plus
439	iPhone 7 Plus
439	iPhone 7 Plus
439	iPhone 7 Plus
2902	iPhone 7
439	iPhone 7 Plus
1876	iPhone X
659	iPhone X
1499	iPad 5
1499	iPad 5
733	iPhone 7
439	iPhone 7
175	iPhone 6s Plus
199	iPad Air 2
439	iPad7,5
2902	iPhone 8 Plus
586	iPhone X
439	iPhone 8 Plus
1436	iPhone X
175	iPhone 8
1436	iPhone 8
175	iPhone 7
439	iPhone 7 Plus
996	iPhone 7 Plus
1499	iPhone 7 Plus
439	iPhone 7 Plus
659	iPhone 7 Plus
1436	iPad Pro (12.9 inch)
1436	iPad Pro (12.9 inch)
2901	iPad Pro (12.9 inch)
439	iPhone 7
175	iPhone 7 Plus
439	iPhone 7
175	iPhone 7
439	iPhone 7
4807	iPhone 7
439	iPad7,5
439	iPhone 7 Plus
439	iPhone X
975	iPhone X
1436	iPad7,5
1436	iPad7,5
2901	iPhone X
732	iPad Pro (12.9 inch)
439	iPad Pro (12.9 inch)
175	iPhone 7 Plus
439	iPhone X
659	iPhone 7 Plus
439	iPhone 7 Plus
439	iPad Pro (12.9 inch)
732	iPhone 7 Plus
439	iPad Pro (12.9 inch)
439	iPhone 7 Plus
659	iPhone 8 Plus
1875	iPad Pro (12.9 inch)
439	iPhone 7 Plus
439	iPhone 8 Plus
659	iPhone 7
439	iPhone 6s Plus
439	iPad Pro (12.9 inch)
175	iPad Pro (12.9 inch)
879	iPhone 7
2389	iPhone 8 Plus
176	iPhone 7
440	iPhone 8 Plus
733	iPad Mini 4
1435	iPad Air 2
439	iPhone X
439	iPad Mini 4
439	iPad Mini 4
175	iPad Mini 4
439	iPad Mini 4
439	iPad Mini 4
733	iPhone 7
439	iPhone 7
878	iPad Mini 4
439	iPad Mini 4
439	iPad Mini 4
175	iPhone 6s Plus
175	iPhone 7
1998	iPhone 7
438	iPhone 8 Plus
199	iPhone 7
438	iPad7,5
658	iPhone X
995	iPhone X
1872	iPad Air 2
994	iPhone 6s
175	iPhone 7
731	iPhone X
999	iPad Air 2
1998	iPad Pro (12.9 inch)
1998	iPad Pro (12.9 inch)
175	iPhone X
9999	iPhone 6s
175	iPhone 8 Plus
9999	iPhone 6s
438	iPhone 7 Plus
175	iPhone 7 Plus
438	iPhone 7 Plus
175	iPad7,5
2897	iPad Air 2
438	iPad7,5
731	iPhone X
658	iPhone 8
658	iPhone X
438	iPhone X
499	iPhone 7 Plus
175	iPhone 7 Plus
9484	iPhone 8 Plus
175	iPhone 8 Plus
439	iPhone 8 Plus
175	iPhone 8 Plus
439	iPhone 8 Plus
175	iPhone 8 Plus
9743	iPhone X
439	iPhone 6s
439	iPhone 6s Plus
175	iPhone 6s Plus
9498	iPhone 6s
175	iPad7,5
439	iPhone X
439	iPhone 6s Plus
191	iPad 5
995	iPhone X
439	iPhone 7 Plus
175	iPhone 6s Plus
439	iPhone X
439	iPhone 7 Plus
439	iPhone 7 Plus
439	iPhone 8 Plus
995	iPad Pro (12.9 inch)
878	iPhone 6s
585	iPhone 8 Plus
439	iPhone 7 Plus
439	iPhone 7 Plus
439	iPhone 7 Plus
439	iPhone 7 Plus
439	iPhone X
439	iPhone 7 Plus
175	iPhone 7 Plus
439	iPhone 7 Plus
439	iPhone X
439	iPhone X
658	iPad Air 2
439	iPhone 7 Plus
439	iPad Air 2
1873	iPhone 6s
175	iPhone 7 Plus
995	iPhone 7 Plus
1434	iPad7,5
439	iPad7,5
175	iPhone 7
439	iPhone 7 Plus
439	iPhone X
658	iPad Pro (10.5 inch)
439	iPhone 8 Plus
439	iPad Pro (10.5 inch)
439	iPad Pro (10.5 inch)
439	iPhone 7 Plus
658	iPhone 6s Plus
658	iPad Pro (10.5 inch)
9999	iPhone 6s
732	iPad Pro (10.5 inch)
658	iPad Pro (10.5 inch)
439	iPad7,5
439	iPhone 7 Plus
175	iPhone 7 Plus
995	iPhone X
439	iPhone 6s
175	iPhone 7 Plus
439	iPad Mini 4
1874	iPhone X
2166	iPhone X
995	iPhone 7 Plus
439	iPhone 6s Plus
175	iPhone 8 Plus
439	iPhone 8 Plus
439	iPhone 8 Plus
439	iPhone 6s Plus
439	iPhone 6s Plus
439	iPhone 7 Plus
439	iPhone 7
878	iPhone 7
439	iPhone X
658	iPad Mini 4
995	iPhone 7
585	iPad Mini 4
439	iPhone X
878	iPhone 7
175	iPhone X
585	iPhone 8 Plus
9487	iPhone 6s
439	iPhone 7 Plus
175	iPhone 6s Plus
732	iPad Mini 4
439	iPad Air 2
599	iPad Air 2
999	iPad Air 2
439	iPad Pro (10.5 inch)
658	iPad Mini 4
658	iPad Mini 4
995	iPhone 7 Plus
995	iPhone 8 Plus
732	iPhone 7
878	iPad Mini 4
175	iPhone 6s Plus
439	iPhone 7
175	iPhone 7
732	iPhone 6s
732	iPhone 6s
439	iPad Mini 4
439	iPad Air 2
175	iPhone 7 Plus
439	iPhone 6s
439	iPhone 6s
439	iPhone 6s Plus
439	iPhone 6s
175	iPhone 6s
439	iPhone 6s
995	iPhone 6s Plus
439	iPad Air 2
878	iPhone 6s Plus
439	iPhone 8 Plus
2898	iPhone 6s Plus
175	iPad Air 2
175	iPhone 6s Plus
439	iPad7,5
175	iPhone 6s
732	iPhone 6s Plus
9487	iPhone 8 Plus
1998	iPad Air 2
439	iPhone 6s
439	iPhone X
878	iPhone 6s
9487	iPad Pro (9.7 inch)
439	iPhone 6s
439	iPad Mini 4
995	iPhone X
658	iPhone 8 Plus
878	iPhone 7 Plus
995	iPhone 7 Plus
2166	iPad Pro (10.5 inch)
1998	iPad Air 2
